respondent,block,task,profile,standards_compliance,track_record,capital_commitment,local_network,enforceability,chosen
0,1,1,A,low,new,high,strong,LOW,0
0,1,1,B,low,established,low,strong,LOW,0
0,1,2,A,high,established,medium,strong,LOW,0
0,1,2,B,low,new,medium,weak,LOW,0
0,1,3,A,high,established,low,strong,LOW,1
0,1,3,B,low,new,high,weak,LOW,0
0,1,4,A,high,new,medium,strong,LOW,1
0,1,4,B,high,established,medium,strong,LOW,0
0,1,5,A,high,new,low,weak,HIGH,1
0,1,5,B,high,established,medium,strong,HIGH,0
0,1,6,A,low,established,medium,strong,HIGH,0
0,1,6,B,low,established,high,strong,HIGH,0
0,1,7,A,high,established,low,strong,HIGH,0
0,1,7,B,low,established,low,weak,HIGH,1
0,1,8,A,low,established,high,weak,HIGH,1
0,1,8,B,low,new,low,strong,HIGH,0
1,2,1,A,high,new,low,weak,HIGH,0
1,2,1,B,low,new,high,weak,HIGH,0
1,2,2,A,low,established,medium,strong,LOW,0
1,2,2,B,high,new,high,weak,LOW,1
1,2,3,A,low,new,low,strong,HIGH,0
1,2,3,B,low,new,high,strong,HIGH,1
1,2,4,A,high,new,medium,weak,LOW,1
1,2,4,B,low,established,low,strong,LOW,0
1,2,5,A,low,new,low,strong,LOW,0
1,2,5,B,low,new,medium,weak,LOW,1
1,2,6,A,high,established,high,weak,HIGH,0
1,2,6,B,high,new,low,strong,HIGH,1
1,2,7,A,high,established,high,weak,LOW,0
1,2,7,B,low,established,medium,weak,LOW,0
1,2,8,A,high,new,high,weak,HIGH,0
1,2,8,B,low,new,high,strong,HIGH,1
2,3,1,A,low,new,low,weak,LOW,1
2,3,1,B,high,new,high,strong,LOW,0
2,3,2,A,low,established,medium,strong,HIGH,1
2,3,2,B,low,established,high,strong,HIGH,0
2,3,3,A,low,new,low,strong,HIGH,1
2,3,3,B,low,established,low,weak,HIGH,0
2,3,4,A,high,new,high,weak,HIGH,0
2,3,4,B,high,new,medium,strong,HIGH,0
2,3,5,A,high,established,high,strong,HIGH,0
2,3,5,B,high,new,low,strong,HIGH,1
2,3,6,A,high,new,low,strong,LOW,0
2,3,6,B,low,new,high,strong,LOW,0
2,3,7,A,high,new,high,strong,LOW,0
2,3,7,B,low,new,medium,strong,LOW,1
2,3,8,A,low,established,high,weak,LOW,1
2,3,8,B,low,established,low,strong,LOW,0
3,4,1,A,low,new,medium,weak,HIGH,0
3,4,1,B,low,established,medium,weak,HIGH,0
3,4,2,A,low,new,medium,weak,LOW,0
3,4,2,B,high,established,low,strong,LOW,1
3,4,3,A,low,new,medium,strong,HIGH,0
3,4,3,B,low,new,low,weak,HIGH,0
3,4,4,A,low,new,high,weak,HIGH,0
3,4,4,B,low,established,medium,weak,HIGH,1
3,4,5,A,low,new,high,strong,LOW,0
3,4,5,B,high,established,medium,strong,LOW,1
3,4,6,A,low,established,high,weak,HIGH,0
3,4,6,B,high,established,high,strong,HIGH,1
3,4,7,A,low,new,high,weak,LOW,0
3,4,7,B,high,new,medium,strong,LOW,1
3,4,8,A,high,established,medium,strong,LOW,1
3,4,8,B,high,established,medium,weak,LOW,0
4,1,1,A,low,new,high,strong,LOW,0
4,1,1,B,low,established,low,strong,LOW,0
4,1,2,A,high,established,medium,strong,LOW,0
4,1,2,B,low,new,medium,weak,LOW,0
4,1,3,A,high,established,low,strong,LOW,1
4,1,3,B,low,new,high,weak,LOW,0
4,1,4,A,high,new,medium,strong,LOW,0
4,1,4,B,high,established,medium,strong,LOW,0
4,1,5,A,high,new,low,weak,HIGH,0
4,1,5,B,high,established,medium,strong,HIGH,1
4,1,6,A,low,established,medium,strong,HIGH,0
4,1,6,B,low,established,high,strong,HIGH,1
4,1,7,A,high,established,low,strong,HIGH,0
4,1,7,B,low,established,low,weak,HIGH,1
4,1,8,A,low,established,high,weak,HIGH,1
4,1,8,B,low,new,low,strong,HIGH,0
5,2,1,A,high,new,low,weak,HIGH,0
5,2,1,B,low,new,high,weak,HIGH,0
5,2,2,A,low,established,medium,strong,LOW,1
5,2,2,B,high,new,high,weak,LOW,0
5,2,3,A,low,new,low,strong,HIGH,0
5,2,3,B,low,new,high,strong,HIGH,1
5,2,4,A,high,new,medium,weak,LOW,1
5,2,4,B,low,established,low,strong,LOW,0
5,2,5,A,low,new,low,strong,LOW,0
5,2,5,B,low,new,medium,weak,LOW,1
5,2,6,A,high,established,high,weak,HIGH,1
5,2,6,B,high,new,low,strong,HIGH,0
5,2,7,A,high,established,high,weak,LOW,0
5,2,7,B,low,established,medium,weak,LOW,0
5,2,8,A,high,new,high,weak,HIGH,0
5,2,8,B,low,new,high,strong,HIGH,1
6,3,1,A,low,new,low,weak,LOW,0
6,3,1,B,high,new,high,strong,LOW,1
6,3,2,A,low,established,medium,strong,HIGH,0
6,3,2,B,low,established,high,strong,HIGH,1
6,3,3,A,low,new,low,strong,HIGH,0
6,3,3,B,low,established,low,weak,HIGH,1
6,3,4,A,high,new,high,weak,HIGH,1
6,3,4,B,high,new,medium,strong,HIGH,0
6,3,5,A,high,established,high,strong,HIGH,1
6,3,5,B,high,new,low,strong,HIGH,0
6,3,6,A,high,new,low,strong,LOW,0
6,3,6,B,low,new,high,strong,LOW,0
6,3,7,A,high,new,high,strong,LOW,0
6,3,7,B,low,new,medium,strong,LOW,0
6,3,8,A,low,established,high,weak,LOW,1
6,3,8,B,low,established,low,strong,LOW,0
7,4,1,A,low,new,medium,weak,HIGH,0
7,4,1,B,low,established,medium,weak,HIGH,0
7,4,2,A,low,new,medium,weak,LOW,0
7,4,2,B,high,established,low,strong,LOW,1
7,4,3,A,low,new,medium,strong,HIGH,1
7,4,3,B,low,new,low,weak,HIGH,0
7,4,4,A,low,new,high,weak,HIGH,1
7,4,4,B,low,established,medium,weak,HIGH,0
7,4,5,A,low,new,high,strong,LOW,0
7,4,5,B,high,established,medium,strong,LOW,1
7,4,6,A,low,established,high,weak,HIGH,0
7,4,6,B,high,established,high,strong,HIGH,1
7,4,7,A,low,new,high,weak,LOW,0
7,4,7,B,high,new,medium,strong,LOW,1
7,4,8,A,high,established,medium,strong,LOW,1
7,4,8,B,high,established,medium,weak,LOW,0
8,1,1,A,low,new,high,strong,LOW,0
8,1,1,B,low,established,low,strong,LOW,1
8,1,2,A,high,established,medium,strong,LOW,1
8,1,2,B,low,new,medium,weak,LOW,0
8,1,3,A,high,established,low,strong,LOW,0
8,1,3,B,low,new,high,weak,LOW,0
8,1,4,A,high,new,medium,strong,LOW,0
8,1,4,B,high,established,medium,strong,LOW,0
8,1,5,A,high,new,low,weak,HIGH,1
8,1,5,B,high,established,medium,strong,HIGH,0
8,1,6,A,low,established,medium,strong,HIGH,1
8,1,6,B,low,established,high,strong,HIGH,0
8,1,7,A,high,established,low,strong,HIGH,0
8,1,7,B,low,established,low,weak,HIGH,1
8,1,8,A,low,established,high,weak,HIGH,0
8,1,8,B,low,new,low,strong,HIGH,0
9,2,1,A,high,new,low,weak,HIGH,0
9,2,1,B,low,new,high,weak,HIGH,0
9,2,2,A,low,established,medium,strong,LOW,0
9,2,2,B,high,new,high,weak,LOW,0
9,2,3,A,low,new,low,strong,HIGH,0
9,2,3,B,low,new,high,strong,HIGH,0
9,2,4,A,high,new,medium,weak,LOW,1
9,2,4,B,low,established,low,strong,LOW,0
9,2,5,A,low,new,low,strong,LOW,0
9,2,5,B,low,new,medium,weak,LOW,0
9,2,6,A,high,established,high,weak,HIGH,0
9,2,6,B,high,new,low,strong,HIGH,1
9,2,7,A,high,established,high,weak,LOW,1
9,2,7,B,low,established,medium,weak,LOW,0
9,2,8,A,high,new,high,weak,HIGH,1
9,2,8,B,low,new,high,strong,HIGH,0
10,3,1,A,low,new,low,weak,LOW,0
10,3,1,B,high,new,high,strong,LOW,0
10,3,2,A,low,established,medium,strong,HIGH,0
10,3,2,B,low,established,high,strong,HIGH,1
10,3,3,A,low,new,low,strong,HIGH,0
10,3,3,B,low,established,low,weak,HIGH,0
10,3,4,A,high,new,high,weak,HIGH,0
10,3,4,B,high,new,medium,strong,HIGH,1
10,3,5,A,high,established,high,strong,HIGH,0
10,3,5,B,high,new,low,strong,HIGH,0
10,3,6,A,high,new,low,strong,LOW,0
10,3,6,B,low,new,high,strong,LOW,1
10,3,7,A,high,new,high,strong,LOW,0
10,3,7,B,low,new,medium,strong,LOW,0
10,3,8,A,low,established,high,weak,LOW,1
10,3,8,B,low,established,low,strong,LOW,0
11,4,1,A,low,new,medium,weak,HIGH,0
11,4,1,B,low,established,medium,weak,HIGH,1
11,4,2,A,low,new,medium,weak,LOW,0
11,4,2,B,high,established,low,strong,LOW,1
11,4,3,A,low,new,medium,strong,HIGH,1
11,4,3,B,low,new,low,weak,HIGH,0
11,4,4,A,low,new,high,weak,HIGH,1
11,4,4,B,low,established,medium,weak,HIGH,0
11,4,5,A,low,new,high,strong,LOW,0
11,4,5,B,high,established,medium,strong,LOW,0
11,4,6,A,low,established,high,weak,HIGH,0
11,4,6,B,high,established,high,strong,HIGH,1
11,4,7,A,low,new,high,weak,LOW,1
11,4,7,B,high,new,medium,strong,LOW,0
11,4,8,A,high,established,medium,strong,LOW,1
11,4,8,B,high,established,medium,weak,LOW,0
12,1,1,A,low,new,high,strong,LOW,0
12,1,1,B,low,established,low,strong,LOW,0
12,1,2,A,high,established,medium,strong,LOW,1
12,1,2,B,low,new,medium,weak,LOW,0
12,1,3,A,high,established,low,strong,LOW,1
12,1,3,B,low,new,high,weak,LOW,0
12,1,4,A,high,new,medium,strong,LOW,0
12,1,4,B,high,established,medium,strong,LOW,1
12,1,5,A,high,new,low,weak,HIGH,0
12,1,5,B,high,established,medium,strong,HIGH,1
12,1,6,A,low,established,medium,strong,HIGH,1
12,1,6,B,low,established,high,strong,HIGH,0
12,1,7,A,high,established,low,strong,HIGH,1
12,1,7,B,low,established,low,weak,HIGH,0
12,1,8,A,low,established,high,weak,HIGH,0
12,1,8,B,low,new,low,strong,HIGH,1
13,2,1,A,high,new,low,weak,HIGH,1
13,2,1,B,low,new,high,weak,HIGH,0
13,2,2,A,low,established,medium,strong,LOW,0
13,2,2,B,high,new,high,weak,LOW,1
13,2,3,A,low,new,low,strong,HIGH,0
13,2,3,B,low,new,high,strong,HIGH,1
13,2,4,A,high,new,medium,weak,LOW,0
13,2,4,B,low,established,low,strong,LOW,0
13,2,5,A,low,new,low,strong,LOW,0
13,2,5,B,low,new,medium,weak,LOW,0
13,2,6,A,high,established,high,weak,HIGH,0
13,2,6,B,high,new,low,strong,HIGH,1
13,2,7,A,high,established,high,weak,LOW,0
13,2,7,B,low,established,medium,weak,LOW,0
13,2,8,A,high,new,high,weak,HIGH,1
13,2,8,B,low,new,high,strong,HIGH,0
14,3,1,A,low,new,low,weak,LOW,0
14,3,1,B,high,new,high,strong,LOW,0
14,3,2,A,low,established,medium,strong,HIGH,1
14,3,2,B,low,established,high,strong,HIGH,0
14,3,3,A,low,new,low,strong,HIGH,0
14,3,3,B,low,established,low,weak,HIGH,1
14,3,4,A,high,new,high,weak,HIGH,0
14,3,4,B,high,new,medium,strong,HIGH,1
14,3,5,A,high,established,high,strong,HIGH,1
14,3,5,B,high,new,low,strong,HIGH,0
14,3,6,A,high,new,low,strong,LOW,0
14,3,6,B,low,new,high,strong,LOW,0
14,3,7,A,high,new,high,strong,LOW,0
14,3,7,B,low,new,medium,strong,LOW,1
14,3,8,A,low,established,high,weak,LOW,0
14,3,8,B,low,established,low,strong,LOW,0
15,4,1,A,low,new,medium,weak,HIGH,0
15,4,1,B,low,established,medium,weak,HIGH,0
15,4,2,A,low,new,medium,weak,LOW,1
15,4,2,B,high,established,low,strong,LOW,0
15,4,3,A,low,new,medium,strong,HIGH,0
15,4,3,B,low,new,low,weak,HIGH,0
15,4,4,A,low,new,high,weak,HIGH,0
15,4,4,B,low,established,medium,weak,HIGH,1
15,4,5,A,low,new,high,strong,LOW,0
15,4,5,B,high,established,medium,strong,LOW,0
15,4,6,A,low,established,high,weak,HIGH,1
15,4,6,B,high,established,high,strong,HIGH,0
15,4,7,A,low,new,high,weak,LOW,0
15,4,7,B,high,new,medium,strong,LOW,0
15,4,8,A,high,established,medium,strong,LOW,1
15,4,8,B,high,established,medium,weak,LOW,0
16,1,1,A,low,new,high,strong,LOW,0
16,1,1,B,low,established,low,strong,LOW,1
16,1,2,A,high,established,medium,strong,LOW,1
16,1,2,B,low,new,medium,weak,LOW,0
16,1,3,A,high,established,low,strong,LOW,0
16,1,3,B,low,new,high,weak,LOW,0
16,1,4,A,high,new,medium,strong,LOW,1
16,1,4,B,high,established,medium,strong,LOW,0
16,1,5,A,high,new,low,weak,HIGH,0
16,1,5,B,high,established,medium,strong,HIGH,1
16,1,6,A,low,established,medium,strong,HIGH,1
16,1,6,B,low,established,high,strong,HIGH,0
16,1,7,A,high,established,low,strong,HIGH,1
16,1,7,B,low,established,low,weak,HIGH,0
16,1,8,A,low,established,high,weak,HIGH,1
16,1,8,B,low,new,low,strong,HIGH,0
17,2,1,A,high,new,low,weak,HIGH,0
17,2,1,B,low,new,high,weak,HIGH,0
17,2,2,A,low,established,medium,strong,LOW,0
17,2,2,B,high,new,high,weak,LOW,1
17,2,3,A,low,new,low,strong,HIGH,0
17,2,3,B,low,new,high,strong,HIGH,1
17,2,4,A,high,new,medium,weak,LOW,0
17,2,4,B,low,established,low,strong,LOW,1
17,2,5,A,low,new,low,strong,LOW,1
17,2,5,B,low,new,medium,weak,LOW,0
17,2,6,A,high,established,high,weak,HIGH,1
17,2,6,B,high,new,low,strong,HIGH,0
17,2,7,A,high,established,high,weak,LOW,0
17,2,7,B,low,established,medium,weak,LOW,0
17,2,8,A,high,new,high,weak,HIGH,0
17,2,8,B,low,new,high,strong,HIGH,0
18,3,1,A,low,new,low,weak,LOW,0
18,3,1,B,high,new,high,strong,LOW,0
18,3,2,A,low,established,medium,strong,HIGH,0
18,3,2,B,low,established,high,strong,HIGH,0
18,3,3,A,low,new,low,strong,HIGH,0
18,3,3,B,low,established,low,weak,HIGH,0
18,3,4,A,high,new,high,weak,HIGH,1
18,3,4,B,high,new,medium,strong,HIGH,0
18,3,5,A,high,established,high,strong,HIGH,0
18,3,5,B,high,new,low,strong,HIGH,1
18,3,6,A,high,new,low,strong,LOW,1
18,3,6,B,low,new,high,strong,LOW,0
18,3,7,A,high,new,high,strong,LOW,1
18,3,7,B,low,new,medium,strong,LOW,0
18,3,8,A,low,established,high,weak,LOW,1
18,3,8,B,low,established,low,strong,LOW,0
19,4,1,A,low,new,medium,weak,HIGH,1
19,4,1,B,low,established,medium,weak,HIGH,0
19,4,2,A,low,new,medium,weak,LOW,0
19,4,2,B,high,established,low,strong,LOW,1
19,4,3,A,low,new,medium,strong,HIGH,0
19,4,3,B,low,new,low,weak,HIGH,1
19,4,4,A,low,new,high,weak,HIGH,1
19,4,4,B,low,established,medium,weak,HIGH,0
19,4,5,A,low,new,high,strong,LOW,0
19,4,5,B,high,established,medium,strong,LOW,1
19,4,6,A,low,established,high,weak,HIGH,0
19,4,6,B,high,established,high,strong,HIGH,1
19,4,7,A,low,new,high,weak,LOW,0
19,4,7,B,high,new,medium,strong,LOW,1
19,4,8,A,high,established,medium,strong,LOW,0
19,4,8,B,high,established,medium,weak,LOW,0
20,1,1,A,low,new,high,strong,LOW,0
20,1,1,B,low,established,low,strong,LOW,0
20,1,2,A,high,established,medium,strong,LOW,1
20,1,2,B,low,new,medium,weak,LOW,0
20,1,3,A,high,established,low,strong,LOW,1
20,1,3,B,low,new,high,weak,LOW,0
20,1,4,A,high,new,medium,strong,LOW,1
20,1,4,B,high,established,medium,strong,LOW,0
20,1,5,A,high,new,low,weak,HIGH,1
20,1,5,B,high,established,medium,strong,HIGH,0
20,1,6,A,low,established,medium,strong,HIGH,1
20,1,6,B,low,established,high,strong,HIGH,0
20,1,7,A,high,established,low,strong,HIGH,0
20,1,7,B,low,established,low,weak,HIGH,0
20,1,8,A,low,established,high,weak,HIGH,1
20,1,8,B,low,new,low,strong,HIGH,0
21,2,1,A,high,new,low,weak,HIGH,1
21,2,1,B,low,new,high,weak,HIGH,0
21,2,2,A,low,established,medium,strong,LOW,1
21,2,2,B,high,new,high,weak,LOW,0
21,2,3,A,low,new,low,strong,HIGH,1
21,2,3,B,low,new,high,strong,HIGH,0
21,2,4,A,high,new,medium,weak,LOW,1
21,2,4,B,low,established,low,strong,LOW,0
21,2,5,A,low,new,low,strong,LOW,0
21,2,5,B,low,new,medium,weak,LOW,0
21,2,6,A,high,established,high,weak,HIGH,1
21,2,6,B,high,new,low,strong,HIGH,0
21,2,7,A,high,established,high,weak,LOW,1
21,2,7,B,low,established,medium,weak,LOW,0
21,2,8,A,high,new,high,weak,HIGH,1
21,2,8,B,low,new,high,strong,HIGH,0
22,3,1,A,low,new,low,weak,LOW,1
22,3,1,B,high,new,high,strong,LOW,0
22,3,2,A,low,established,medium,strong,HIGH,0
22,3,2,B,low,established,high,strong,HIGH,1
22,3,3,A,low,new,low,strong,HIGH,0
22,3,3,B,low,established,low,weak,HIGH,0
22,3,4,A,high,new,high,weak,HIGH,0
22,3,4,B,high,new,medium,strong,HIGH,0
22,3,5,A,high,established,high,strong,HIGH,1
22,3,5,B,high,new,low,strong,HIGH,0
22,3,6,A,high,new,low,strong,LOW,0
22,3,6,B,low,new,high,strong,LOW,0
22,3,7,A,high,new,high,strong,LOW,1
22,3,7,B,low,new,medium,strong,LOW,0
22,3,8,A,low,established,high,weak,LOW,0
22,3,8,B,low,established,low,strong,LOW,1
23,4,1,A,low,new,medium,weak,HIGH,0
23,4,1,B,low,established,medium,weak,HIGH,1
23,4,2,A,low,new,medium,weak,LOW,0
23,4,2,B,high,established,low,strong,LOW,0
23,4,3,A,low,new,medium,strong,HIGH,1
23,4,3,B,low,new,low,weak,HIGH,0
23,4,4,A,low,new,high,weak,HIGH,0
23,4,4,B,low,established,medium,weak,HIGH,1
23,4,5,A,low,new,high,strong,LOW,0
23,4,5,B,high,established,medium,strong,LOW,1
23,4,6,A,low,established,high,weak,HIGH,0
23,4,6,B,high,established,high,strong,HIGH,1
23,4,7,A,low,new,high,weak,LOW,0
23,4,7,B,high,new,medium,strong,LOW,1
23,4,8,A,high,established,medium,strong,LOW,0
23,4,8,B,high,established,medium,weak,LOW,1
24,1,1,A,low,new,high,strong,LOW,0
24,1,1,B,low,established,low,strong,LOW,1
24,1,2,A,high,established,medium,strong,LOW,1
24,1,2,B,low,new,medium,weak,LOW,0
24,1,3,A,high,established,low,strong,LOW,1
24,1,3,B,low,new,high,weak,LOW,0
24,1,4,A,high,new,medium,strong,LOW,1
24,1,4,B,high,established,medium,strong,LOW,0
24,1,5,A,high,new,low,weak,HIGH,0
24,1,5,B,high,established,medium,strong,HIGH,0
24,1,6,A,low,established,medium,strong,HIGH,0
24,1,6,B,low,established,high,strong,HIGH,0
24,1,7,A,high,established,low,strong,HIGH,1
24,1,7,B,low,established,low,weak,HIGH,0
24,1,8,A,low,established,high,weak,HIGH,0
24,1,8,B,low,new,low,strong,HIGH,1
25,2,1,A,high,new,low,weak,HIGH,0
25,2,1,B,low,new,high,weak,HIGH,1
25,2,2,A,low,established,medium,strong,LOW,0
25,2,2,B,high,new,high,weak,LOW,1
25,2,3,A,low,new,low,strong,HIGH,0
25,2,3,B,low,new,high,strong,HIGH,1
25,2,4,A,high,new,medium,weak,LOW,1
25,2,4,B,low,established,low,strong,LOW,0
25,2,5,A,low,new,low,strong,LOW,0
25,2,5,B,low,new,medium,weak,LOW,1
25,2,6,A,high,established,high,weak,HIGH,0
25,2,6,B,high,new,low,strong,HIGH,1
25,2,7,A,high,established,high,weak,LOW,0
25,2,7,B,low,established,medium,weak,LOW,1
25,2,8,A,high,new,high,weak,HIGH,0
25,2,8,B,low,new,high,strong,HIGH,1
26,3,1,A,low,new,low,weak,LOW,0
26,3,1,B,high,new,high,strong,LOW,0
26,3,2,A,low,established,medium,strong,HIGH,0
26,3,2,B,low,established,high,strong,HIGH,0
26,3,3,A,low,new,low,strong,HIGH,0
26,3,3,B,low,established,low,weak,HIGH,0
26,3,4,A,high,new,high,weak,HIGH,1
26,3,4,B,high,new,medium,strong,HIGH,0
26,3,5,A,high,established,high,strong,HIGH,1
26,3,5,B,high,new,low,strong,HIGH,0
26,3,6,A,high,new,low,strong,LOW,1
26,3,6,B,low,new,high,strong,LOW,0
26,3,7,A,high,new,high,strong,LOW,1
26,3,7,B,low,new,medium,strong,LOW,0
26,3,8,A,low,established,high,weak,LOW,0
26,3,8,B,low,established,low,strong,LOW,1
27,4,1,A,low,new,medium,weak,HIGH,0
27,4,1,B,low,established,medium,weak,HIGH,1
27,4,2,A,low,new,medium,weak,LOW,1
27,4,2,B,high,established,low,strong,LOW,0
27,4,3,A,low,new,medium,strong,HIGH,0
27,4,3,B,low,new,low,weak,HIGH,0
27,4,4,A,low,new,high,weak,HIGH,1
27,4,4,B,low,established,medium,weak,HIGH,0
27,4,5,A,low,new,high,strong,LOW,0
27,4,5,B,high,established,medium,strong,LOW,0
27,4,6,A,low,established,high,weak,HIGH,1
27,4,6,B,high,established,high,strong,HIGH,0
27,4,7,A,low,new,high,weak,LOW,1
27,4,7,B,high,new,medium,strong,LOW,0
27,4,8,A,high,established,medium,strong,LOW,0
27,4,8,B,high,established,medium,weak,LOW,1
28,1,1,A,low,new,high,strong,LOW,1
28,1,1,B,low,established,low,strong,LOW,0
28,1,2,A,high,established,medium,strong,LOW,1
28,1,2,B,low,new,medium,weak,LOW,0
28,1,3,A,high,established,low,strong,LOW,0
28,1,3,B,low,new,high,weak,LOW,1
28,1,4,A,high,new,medium,strong,LOW,1
28,1,4,B,high,established,medium,strong,LOW,0
28,1,5,A,high,new,low,weak,HIGH,0
28,1,5,B,high,established,medium,strong,HIGH,1
28,1,6,A,low,established,medium,strong,HIGH,1
28,1,6,B,low,established,high,strong,HIGH,0
28,1,7,A,high,established,low,strong,HIGH,1
28,1,7,B,low,established,low,weak,HIGH,0
28,1,8,A,low,established,high,weak,HIGH,1
28,1,8,B,low,new,low,strong,HIGH,0
29,2,1,A,high,new,low,weak,HIGH,0
29,2,1,B,low,new,high,weak,HIGH,1
29,2,2,A,low,established,medium,strong,LOW,0
29,2,2,B,high,new,high,weak,LOW,1
29,2,3,A,low,new,low,strong,HIGH,1
29,2,3,B,low,new,high,strong,HIGH,0
29,2,4,A,high,new,medium,weak,LOW,0
29,2,4,B,low,established,low,strong,LOW,1
29,2,5,A,low,new,low,strong,LOW,0
29,2,5,B,low,new,medium,weak,LOW,1
29,2,6,A,high,established,high,weak,HIGH,1
29,2,6,B,high,new,low,strong,HIGH,0
29,2,7,A,high,established,high,weak,LOW,0
29,2,7,B,low,established,medium,weak,LOW,0
29,2,8,A,high,new,high,weak,HIGH,1
29,2,8,B,low,new,high,strong,HIGH,0
30,3,1,A,low,new,low,weak,LOW,0
30,3,1,B,high,new,high,strong,LOW,1
30,3,2,A,low,established,medium,strong,HIGH,0
30,3,2,B,low,established,high,strong,HIGH,0
30,3,3,A,low,new,low,strong,HIGH,0
30,3,3,B,low,established,low,weak,HIGH,0
30,3,4,A,high,new,high,weak,HIGH,1
30,3,4,B,high,new,medium,strong,HIGH,0
30,3,5,A,high,established,high,strong,HIGH,1
30,3,5,B,high,new,low,strong,HIGH,0
30,3,6,A,high,new,low,strong,LOW,0
30,3,6,B,low,new,high,strong,LOW,0
30,3,7,A,high,new,high,strong,LOW,1
30,3,7,B,low,new,medium,strong,LOW,0
30,3,8,A,low,established,high,weak,LOW,1
30,3,8,B,low,established,low,strong,LOW,0
31,4,1,A,low,new,medium,weak,HIGH,0
31,4,1,B,low,established,medium,weak,HIGH,1
31,4,2,A,low,new,medium,weak,LOW,0
31,4,2,B,high,established,low,strong,LOW,0
31,4,3,A,low,new,medium,strong,HIGH,0
31,4,3,B,low,new,low,weak,HIGH,0
31,4,4,A,low,new,high,weak,HIGH,0
31,4,4,B,low,established,medium,weak,HIGH,0
31,4,5,A,low,new,high,strong,LOW,1
31,4,5,B,high,established,medium,strong,LOW,0
31,4,6,A,low,established,high,weak,HIGH,1
31,4,6,B,high,established,high,strong,HIGH,0
31,4,7,A,low,new,high,weak,LOW,1
31,4,7,B,high,new,medium,strong,LOW,0
31,4,8,A,high,established,medium,strong,LOW,0
31,4,8,B,high,established,medium,weak,LOW,0
32,1,1,A,low,new,high,strong,LOW,0
32,1,1,B,low,established,low,strong,LOW,1
32,1,2,A,high,established,medium,strong,LOW,0
32,1,2,B,low,new,medium,weak,LOW,0
32,1,3,A,high,established,low,strong,LOW,0
32,1,3,B,low,new,high,weak,LOW,0
32,1,4,A,high,new,medium,strong,LOW,1
32,1,4,B,high,established,medium,strong,LOW,0
32,1,5,A,high,new,low,weak,HIGH,0
32,1,5,B,high,established,medium,strong,HIGH,0
32,1,6,A,low,established,medium,strong,HIGH,0
32,1,6,B,low,established,high,strong,HIGH,1
32,1,7,A,high,established,low,strong,HIGH,0
32,1,7,B,low,established,low,weak,HIGH,1
32,1,8,A,low,established,high,weak,HIGH,1
32,1,8,B,low,new,low,strong,HIGH,0
33,2,1,A,high,new,low,weak,HIGH,0
33,2,1,B,low,new,high,weak,HIGH,1
33,2,2,A,low,established,medium,strong,LOW,0
33,2,2,B,high,new,high,weak,LOW,0
33,2,3,A,low,new,low,strong,HIGH,0
33,2,3,B,low,new,high,strong,HIGH,1
33,2,4,A,high,new,medium,weak,LOW,1
33,2,4,B,low,established,low,strong,LOW,0
33,2,5,A,low,new,low,strong,LOW,1
33,2,5,B,low,new,medium,weak,LOW,0
33,2,6,A,high,established,high,weak,HIGH,1
33,2,6,B,high,new,low,strong,HIGH,0
33,2,7,A,high,established,high,weak,LOW,0
33,2,7,B,low,established,medium,weak,LOW,1
33,2,8,A,high,new,high,weak,HIGH,1
33,2,8,B,low,new,high,strong,HIGH,0
34,3,1,A,low,new,low,weak,LOW,0
34,3,1,B,high,new,high,strong,LOW,1
34,3,2,A,low,established,medium,strong,HIGH,1
34,3,2,B,low,established,high,strong,HIGH,0
34,3,3,A,low,new,low,strong,HIGH,0
34,3,3,B,low,established,low,weak,HIGH,1
34,3,4,A,high,new,high,weak,HIGH,0
34,3,4,B,high,new,medium,strong,HIGH,1
34,3,5,A,high,established,high,strong,HIGH,1
34,3,5,B,high,new,low,strong,HIGH,0
34,3,6,A,high,new,low,strong,LOW,0
34,3,6,B,low,new,high,strong,LOW,1
34,3,7,A,high,new,high,strong,LOW,1
34,3,7,B,low,new,medium,strong,LOW,0
34,3,8,A,low,established,high,weak,LOW,0
34,3,8,B,low,established,low,strong,LOW,0
35,4,1,A,low,new,medium,weak,HIGH,0
35,4,1,B,low,established,medium,weak,HIGH,1
35,4,2,A,low,new,medium,weak,LOW,0
35,4,2,B,high,established,low,strong,LOW,1
35,4,3,A,low,new,medium,strong,HIGH,1
35,4,3,B,low,new,low,weak,HIGH,0
35,4,4,A,low,new,high,weak,HIGH,0
35,4,4,B,low,established,medium,weak,HIGH,1
35,4,5,A,low,new,high,strong,LOW,0
35,4,5,B,high,established,medium,strong,LOW,1
35,4,6,A,low,established,high,weak,HIGH,0
35,4,6,B,high,established,high,strong,HIGH,0
35,4,7,A,low,new,high,weak,LOW,1
35,4,7,B,high,new,medium,strong,LOW,0
35,4,8,A,high,established,medium,strong,LOW,0
35,4,8,B,high,established,medium,weak,LOW,1
36,1,1,A,low,new,high,strong,LOW,1
36,1,1,B,low,established,low,strong,LOW,0
36,1,2,A,high,established,medium,strong,LOW,0
36,1,2,B,low,new,medium,weak,LOW,1
36,1,3,A,high,established,low,strong,LOW,1
36,1,3,B,low,new,high,weak,LOW,0
36,1,4,A,high,new,medium,strong,LOW,1
36,1,4,B,high,established,medium,strong,LOW,0
36,1,5,A,high,new,low,weak,HIGH,0
36,1,5,B,high,established,medium,strong,HIGH,1
36,1,6,A,low,established,medium,strong,HIGH,1
36,1,6,B,low,established,high,strong,HIGH,0
36,1,7,A,high,established,low,strong,HIGH,1
36,1,7,B,low,established,low,weak,HIGH,0
36,1,8,A,low,established,high,weak,HIGH,0
36,1,8,B,low,new,low,strong,HIGH,0
37,2,1,A,high,new,low,weak,HIGH,0
37,2,1,B,low,new,high,weak,HIGH,1
37,2,2,A,low,established,medium,strong,LOW,0
37,2,2,B,high,new,high,weak,LOW,1
37,2,3,A,low,new,low,strong,HIGH,0
37,2,3,B,low,new,high,strong,HIGH,1
37,2,4,A,high,new,medium,weak,LOW,1
37,2,4,B,low,established,low,strong,LOW,0
37,2,5,A,low,new,low,strong,LOW,0
37,2,5,B,low,new,medium,weak,LOW,0
37,2,6,A,high,established,high,weak,HIGH,1
37,2,6,B,high,new,low,strong,HIGH,0
37,2,7,A,high,established,high,weak,LOW,1
37,2,7,B,low,established,medium,weak,LOW,0
37,2,8,A,high,new,high,weak,HIGH,1
37,2,8,B,low,new,high,strong,HIGH,0
38,3,1,A,low,new,low,weak,LOW,0
38,3,1,B,high,new,high,strong,LOW,1
38,3,2,A,low,established,medium,strong,HIGH,0
38,3,2,B,low,established,high,strong,HIGH,1
38,3,3,A,low,new,low,strong,HIGH,0
38,3,3,B,low,established,low,weak,HIGH,0
38,3,4,A,high,new,high,weak,HIGH,1
38,3,4,B,high,new,medium,strong,HIGH,0
38,3,5,A,high,established,high,strong,HIGH,0
38,3,5,B,high,new,low,strong,HIGH,1
38,3,6,A,high,new,low,strong,LOW,0
38,3,6,B,low,new,high,strong,LOW,0
38,3,7,A,high,new,high,strong,LOW,1
38,3,7,B,low,new,medium,strong,LOW,0
38,3,8,A,low,established,high,weak,LOW,1
38,3,8,B,low,established,low,strong,LOW,0
39,4,1,A,low,new,medium,weak,HIGH,0
39,4,1,B,low,established,medium,weak,HIGH,1
39,4,2,A,low,new,medium,weak,LOW,0
39,4,2,B,high,established,low,strong,LOW,1
39,4,3,A,low,new,medium,strong,HIGH,0
39,4,3,B,low,new,low,weak,HIGH,1
39,4,4,A,low,new,high,weak,HIGH,0
39,4,4,B,low,established,medium,weak,HIGH,1
39,4,5,A,low,new,high,strong,LOW,0
39,4,5,B,high,established,medium,strong,LOW,0
39,4,6,A,low,established,high,weak,HIGH,0
39,4,6,B,high,established,high,strong,HIGH,1
39,4,7,A,low,new,high,weak,LOW,0
39,4,7,B,high,new,medium,strong,LOW,0
39,4,8,A,high,established,medium,strong,LOW,0
39,4,8,B,high,established,medium,weak,LOW,1
40,1,1,A,low,new,high,strong,LOW,1
40,1,1,B,low,established,low,strong,LOW,0
40,1,2,A,high,established,medium,strong,LOW,0
40,1,2,B,low,new,medium,weak,LOW,0
40,1,3,A,high,established,low,strong,LOW,1
40,1,3,B,low,new,high,weak,LOW,0
40,1,4,A,high,new,medium,strong,LOW,0
40,1,4,B,high,established,medium,strong,LOW,0
40,1,5,A,high,new,low,weak,HIGH,1
40,1,5,B,high,established,medium,strong,HIGH,0
40,1,6,A,low,established,medium,strong,HIGH,0
40,1,6,B,low,established,high,strong,HIGH,1
40,1,7,A,high,established,low,strong,HIGH,0
40,1,7,B,low,established,low,weak,HIGH,1
40,1,8,A,low,established,high,weak,HIGH,1
40,1,8,B,low,new,low,strong,HIGH,0
41,2,1,A,high,new,low,weak,HIGH,0
41,2,1,B,low,new,high,weak,HIGH,1
41,2,2,A,low,established,medium,strong,LOW,0
41,2,2,B,high,new,high,weak,LOW,0
41,2,3,A,low,new,low,strong,HIGH,1
41,2,3,B,low,new,high,strong,HIGH,0
41,2,4,A,high,new,medium,weak,LOW,0
41,2,4,B,low,established,low,strong,LOW,1
41,2,5,A,low,new,low,strong,LOW,0
41,2,5,B,low,new,medium,weak,LOW,0
41,2,6,A,high,established,high,weak,HIGH,1
41,2,6,B,high,new,low,strong,HIGH,0
41,2,7,A,high,established,high,weak,LOW,0
41,2,7,B,low,established,medium,weak,LOW,0
41,2,8,A,high,new,high,weak,HIGH,0
41,2,8,B,low,new,high,strong,HIGH,1
42,3,1,A,low,new,low,weak,LOW,0
42,3,1,B,high,new,high,strong,LOW,0
42,3,2,A,low,established,medium,strong,HIGH,1
42,3,2,B,low,established,high,strong,HIGH,0
42,3,3,A,low,new,low,strong,HIGH,1
42,3,3,B,low,established,low,weak,HIGH,0
42,3,4,A,high,new,high,weak,HIGH,1
42,3,4,B,high,new,medium,strong,HIGH,0
42,3,5,A,high,established,high,strong,HIGH,0
42,3,5,B,high,new,low,strong,HIGH,1
42,3,6,A,high,new,low,strong,LOW,0
42,3,6,B,low,new,high,strong,LOW,1
42,3,7,A,high,new,high,strong,LOW,1
42,3,7,B,low,new,medium,strong,LOW,0
42,3,8,A,low,established,high,weak,LOW,1
42,3,8,B,low,established,low,strong,LOW,0
43,4,1,A,low,new,medium,weak,HIGH,0
43,4,1,B,low,established,medium,weak,HIGH,1
43,4,2,A,low,new,medium,weak,LOW,0
43,4,2,B,high,established,low,strong,LOW,1
43,4,3,A,low,new,medium,strong,HIGH,0
43,4,3,B,low,new,low,weak,HIGH,0
43,4,4,A,low,new,high,weak,HIGH,0
43,4,4,B,low,established,medium,weak,HIGH,1
43,4,5,A,low,new,high,strong,LOW,0
43,4,5,B,high,established,medium,strong,LOW,1
43,4,6,A,low,established,high,weak,HIGH,1
43,4,6,B,high,established,high,strong,HIGH,0
43,4,7,A,low,new,high,weak,LOW,0
43,4,7,B,high,new,medium,strong,LOW,1
43,4,8,A,high,established,medium,strong,LOW,0
43,4,8,B,high,established,medium,weak,LOW,0
44,1,1,A,low,new,high,strong,LOW,1
44,1,1,B,low,established,low,strong,LOW,0
44,1,2,A,high,established,medium,strong,LOW,0
44,1,2,B,low,new,medium,weak,LOW,0
44,1,3,A,high,established,low,strong,LOW,0
44,1,3,B,low,new,high,weak,LOW,0
44,1,4,A,high,new,medium,strong,LOW,0
44,1,4,B,high,established,medium,strong,LOW,1
44,1,5,A,high,new,low,weak,HIGH,0
44,1,5,B,high,established,medium,strong,HIGH,1
44,1,6,A,low,established,medium,strong,HIGH,0
44,1,6,B,low,established,high,strong,HIGH,1
44,1,7,A,high,established,low,strong,HIGH,0
44,1,7,B,low,established,low,weak,HIGH,0
44,1,8,A,low,established,high,weak,HIGH,0
44,1,8,B,low,new,low,strong,HIGH,1
45,2,1,A,high,new,low,weak,HIGH,0
45,2,1,B,low,new,high,weak,HIGH,0
45,2,2,A,low,established,medium,strong,LOW,0
45,2,2,B,high,new,high,weak,LOW,1
45,2,3,A,low,new,low,strong,HIGH,1
45,2,3,B,low,new,high,strong,HIGH,0
45,2,4,A,high,new,medium,weak,LOW,1
45,2,4,B,low,established,low,strong,LOW,0
45,2,5,A,low,new,low,strong,LOW,1
45,2,5,B,low,new,medium,weak,LOW,0
45,2,6,A,high,established,high,weak,HIGH,0
45,2,6,B,high,new,low,strong,HIGH,0
45,2,7,A,high,established,high,weak,LOW,1
45,2,7,B,low,established,medium,weak,LOW,0
45,2,8,A,high,new,high,weak,HIGH,0
45,2,8,B,low,new,high,strong,HIGH,0
46,3,1,A,low,new,low,weak,LOW,0
46,3,1,B,high,new,high,strong,LOW,1
46,3,2,A,low,established,medium,strong,HIGH,0
46,3,2,B,low,established,high,strong,HIGH,1
46,3,3,A,low,new,low,strong,HIGH,1
46,3,3,B,low,established,low,weak,HIGH,0
46,3,4,A,high,new,high,weak,HIGH,0
46,3,4,B,high,new,medium,strong,HIGH,0
46,3,5,A,high,established,high,strong,HIGH,0
46,3,5,B,high,new,low,strong,HIGH,1
46,3,6,A,high,new,low,strong,LOW,1
46,3,6,B,low,new,high,strong,LOW,0
46,3,7,A,high,new,high,strong,LOW,0
46,3,7,B,low,new,medium,strong,LOW,0
46,3,8,A,low,established,high,weak,LOW,0
46,3,8,B,low,established,low,strong,LOW,0
47,4,1,A,low,new,medium,weak,HIGH,0
47,4,1,B,low,established,medium,weak,HIGH,0
47,4,2,A,low,new,medium,weak,LOW,0
47,4,2,B,high,established,low,strong,LOW,0
47,4,3,A,low,new,medium,strong,HIGH,0
47,4,3,B,low,new,low,weak,HIGH,0
47,4,4,A,low,new,high,weak,HIGH,0
47,4,4,B,low,established,medium,weak,HIGH,0
47,4,5,A,low,new,high,strong,LOW,0
47,4,5,B,high,established,medium,strong,LOW,0
47,4,6,A,low,established,high,weak,HIGH,0
47,4,6,B,high,established,high,strong,HIGH,1
47,4,7,A,low,new,high,weak,LOW,0
47,4,7,B,high,new,medium,strong,LOW,0
47,4,8,A,high,established,medium,strong,LOW,1
47,4,8,B,high,established,medium,weak,LOW,0
48,1,1,A,low,new,high,strong,LOW,0
48,1,1,B,low,established,low,strong,LOW,0
48,1,2,A,high,established,medium,strong,LOW,0
48,1,2,B,low,new,medium,weak,LOW,0
48,1,3,A,high,established,low,strong,LOW,1
48,1,3,B,low,new,high,weak,LOW,0
48,1,4,A,high,new,medium,strong,LOW,0
48,1,4,B,high,established,medium,strong,LOW,1
48,1,5,A,high,new,low,weak,HIGH,1
48,1,5,B,high,established,medium,strong,HIGH,0
48,1,6,A,low,established,medium,strong,HIGH,1
48,1,6,B,low,established,high,strong,HIGH,0
48,1,7,A,high,established,low,strong,HIGH,0
48,1,7,B,low,established,low,weak,HIGH,0
48,1,8,A,low,established,high,weak,HIGH,0
48,1,8,B,low,new,low,strong,HIGH,1
49,2,1,A,high,new,low,weak,HIGH,1
49,2,1,B,low,new,high,weak,HIGH,0
49,2,2,A,low,established,medium,strong,LOW,0
49,2,2,B,high,new,high,weak,LOW,1
49,2,3,A,low,new,low,strong,HIGH,1
49,2,3,B,low,new,high,strong,HIGH,0
49,2,4,A,high,new,medium,weak,LOW,0
49,2,4,B,low,established,low,strong,LOW,1
49,2,5,A,low,new,low,strong,LOW,1
49,2,5,B,low,new,medium,weak,LOW,0
49,2,6,A,high,established,high,weak,HIGH,1
49,2,6,B,high,new,low,strong,HIGH,0
49,2,7,A,high,established,high,weak,LOW,0
49,2,7,B,low,established,medium,weak,LOW,0
49,2,8,A,high,new,high,weak,HIGH,0
49,2,8,B,low,new,high,strong,HIGH,1
50,3,1,A,low,new,low,weak,LOW,0
50,3,1,B,high,new,high,strong,LOW,0
50,3,2,A,low,established,medium,strong,HIGH,0
50,3,2,B,low,established,high,strong,HIGH,0
50,3,3,A,low,new,low,strong,HIGH,0
50,3,3,B,low,established,low,weak,HIGH,0
50,3,4,A,high,new,high,weak,HIGH,0
50,3,4,B,high,new,medium,strong,HIGH,1
50,3,5,A,high,established,high,strong,HIGH,0
50,3,5,B,high,new,low,strong,HIGH,1
50,3,6,A,high,new,low,strong,LOW,1
50,3,6,B,low,new,high,strong,LOW,0
50,3,7,A,high,new,high,strong,LOW,1
50,3,7,B,low,new,medium,strong,LOW,0
50,3,8,A,low,established,high,weak,LOW,0
50,3,8,B,low,established,low,strong,LOW,0
51,4,1,A,low,new,medium,weak,HIGH,0
51,4,1,B,low,established,medium,weak,HIGH,0
51,4,2,A,low,new,medium,weak,LOW,0
51,4,2,B,high,established,low,strong,LOW,1
51,4,3,A,low,new,medium,strong,HIGH,0
51,4,3,B,low,new,low,weak,HIGH,0
51,4,4,A,low,new,high,weak,HIGH,0
51,4,4,B,low,established,medium,weak,HIGH,1
51,4,5,A,low,new,high,strong,LOW,0
51,4,5,B,high,established,medium,strong,LOW,0
51,4,6,A,low,established,high,weak,HIGH,0
51,4,6,B,high,established,high,strong,HIGH,0
51,4,7,A,low,new,high,weak,LOW,0
51,4,7,B,high,new,medium,strong,LOW,0
51,4,8,A,high,established,medium,strong,LOW,1
51,4,8,B,high,established,medium,weak,LOW,0
52,1,1,A,low,new,high,strong,LOW,0
52,1,1,B,low,established,low,strong,LOW,1
52,1,2,A,high,established,medium,strong,LOW,1
52,1,2,B,low,new,medium,weak,LOW,0
52,1,3,A,high,established,low,strong,LOW,1
52,1,3,B,low,new,high,weak,LOW,0
52,1,4,A,high,new,medium,strong,LOW,0
52,1,4,B,high,established,medium,strong,LOW,1
52,1,5,A,high,new,low,weak,HIGH,0
52,1,5,B,high,established,medium,strong,HIGH,1
52,1,6,A,low,established,medium,strong,HIGH,0
52,1,6,B,low,established,high,strong,HIGH,1
52,1,7,A,high,established,low,strong,HIGH,1
52,1,7,B,low,established,low,weak,HIGH,0
52,1,8,A,low,established,high,weak,HIGH,0
52,1,8,B,low,new,low,strong,HIGH,1
53,2,1,A,high,new,low,weak,HIGH,0
53,2,1,B,low,new,high,weak,HIGH,1
53,2,2,A,low,established,medium,strong,LOW,1
53,2,2,B,high,new,high,weak,LOW,0
53,2,3,A,low,new,low,strong,HIGH,0
53,2,3,B,low,new,high,strong,HIGH,0
53,2,4,A,high,new,medium,weak,LOW,0
53,2,4,B,low,established,low,strong,LOW,1
53,2,5,A,low,new,low,strong,LOW,0
53,2,5,B,low,new,medium,weak,LOW,0
53,2,6,A,high,established,high,weak,HIGH,0
53,2,6,B,high,new,low,strong,HIGH,1
53,2,7,A,high,established,high,weak,LOW,1
53,2,7,B,low,established,medium,weak,LOW,0
53,2,8,A,high,new,high,weak,HIGH,0
53,2,8,B,low,new,high,strong,HIGH,0
54,3,1,A,low,new,low,weak,LOW,0
54,3,1,B,high,new,high,strong,LOW,1
54,3,2,A,low,established,medium,strong,HIGH,0
54,3,2,B,low,established,high,strong,HIGH,1
54,3,3,A,low,new,low,strong,HIGH,1
54,3,3,B,low,established,low,weak,HIGH,0
54,3,4,A,high,new,high,weak,HIGH,0
54,3,4,B,high,new,medium,strong,HIGH,1
54,3,5,A,high,established,high,strong,HIGH,1
54,3,5,B,high,new,low,strong,HIGH,0
54,3,6,A,high,new,low,strong,LOW,1
54,3,6,B,low,new,high,strong,LOW,0
54,3,7,A,high,new,high,strong,LOW,1
54,3,7,B,low,new,medium,strong,LOW,0
54,3,8,A,low,established,high,weak,LOW,1
54,3,8,B,low,established,low,strong,LOW,0
55,4,1,A,low,new,medium,weak,HIGH,0
55,4,1,B,low,established,medium,weak,HIGH,1
55,4,2,A,low,new,medium,weak,LOW,0
55,4,2,B,high,established,low,strong,LOW,1
55,4,3,A,low,new,medium,strong,HIGH,1
55,4,3,B,low,new,low,weak,HIGH,0
55,4,4,A,low,new,high,weak,HIGH,0
55,4,4,B,low,established,medium,weak,HIGH,0
55,4,5,A,low,new,high,strong,LOW,1
55,4,5,B,high,established,medium,strong,LOW,0
55,4,6,A,low,established,high,weak,HIGH,1
55,4,6,B,high,established,high,strong,HIGH,0
55,4,7,A,low,new,high,weak,LOW,0
55,4,7,B,high,new,medium,strong,LOW,1
55,4,8,A,high,established,medium,strong,LOW,0
55,4,8,B,high,established,medium,weak,LOW,0
56,1,1,A,low,new,high,strong,LOW,1
56,1,1,B,low,established,low,strong,LOW,0
56,1,2,A,high,established,medium,strong,LOW,1
56,1,2,B,low,new,medium,weak,LOW,0
56,1,3,A,high,established,low,strong,LOW,0
56,1,3,B,low,new,high,weak,LOW,0
56,1,4,A,high,new,medium,strong,LOW,1
56,1,4,B,high,established,medium,strong,LOW,0
56,1,5,A,high,new,low,weak,HIGH,0
56,1,5,B,high,established,medium,strong,HIGH,1
56,1,6,A,low,established,medium,strong,HIGH,0
56,1,6,B,low,established,high,strong,HIGH,1
56,1,7,A,high,established,low,strong,HIGH,0
56,1,7,B,low,established,low,weak,HIGH,1
56,1,8,A,low,established,high,weak,HIGH,1
56,1,8,B,low,new,low,strong,HIGH,0
57,2,1,A,high,new,low,weak,HIGH,1
57,2,1,B,low,new,high,weak,HIGH,0
57,2,2,A,low,established,medium,strong,LOW,1
57,2,2,B,high,new,high,weak,LOW,0
57,2,3,A,low,new,low,strong,HIGH,1
57,2,3,B,low,new,high,strong,HIGH,0
57,2,4,A,high,new,medium,weak,LOW,0
57,2,4,B,low,established,low,strong,LOW,1
57,2,5,A,low,new,low,strong,LOW,0
57,2,5,B,low,new,medium,weak,LOW,0
57,2,6,A,high,established,high,weak,HIGH,1
57,2,6,B,high,new,low,strong,HIGH,0
57,2,7,A,high,established,high,weak,LOW,1
57,2,7,B,low,established,medium,weak,LOW,0
57,2,8,A,high,new,high,weak,HIGH,0
57,2,8,B,low,new,high,strong,HIGH,1
58,3,1,A,low,new,low,weak,LOW,1
58,3,1,B,high,new,high,strong,LOW,0
58,3,2,A,low,established,medium,strong,HIGH,0
58,3,2,B,low,established,high,strong,HIGH,1
58,3,3,A,low,new,low,strong,HIGH,0
58,3,3,B,low,established,low,weak,HIGH,1
58,3,4,A,high,new,high,weak,HIGH,0
58,3,4,B,high,new,medium,strong,HIGH,1
58,3,5,A,high,established,high,strong,HIGH,1
58,3,5,B,high,new,low,strong,HIGH,0
58,3,6,A,high,new,low,strong,LOW,1
58,3,6,B,low,new,high,strong,LOW,0
58,3,7,A,high,new,high,strong,LOW,1
58,3,7,B,low,new,medium,strong,LOW,0
58,3,8,A,low,established,high,weak,LOW,1
58,3,8,B,low,established,low,strong,LOW,0
59,4,1,A,low,new,medium,weak,HIGH,0
59,4,1,B,low,established,medium,weak,HIGH,1
59,4,2,A,low,new,medium,weak,LOW,1
59,4,2,B,high,established,low,strong,LOW,0
59,4,3,A,low,new,medium,strong,HIGH,0
59,4,3,B,low,new,low,weak,HIGH,1
59,4,4,A,low,new,high,weak,HIGH,0
59,4,4,B,low,established,medium,weak,HIGH,0
59,4,5,A,low,new,high,strong,LOW,0
59,4,5,B,high,established,medium,strong,LOW,0
59,4,6,A,low,established,high,weak,HIGH,1
59,4,6,B,high,established,high,strong,HIGH,0
59,4,7,A,low,new,high,weak,LOW,1
59,4,7,B,high,new,medium,strong,LOW,0
59,4,8,A,high,established,medium,strong,LOW,0
59,4,8,B,high,established,medium,weak,LOW,1
60,1,1,A,low,new,high,strong,LOW,0
60,1,1,B,low,established,low,strong,LOW,1
60,1,2,A,high,established,medium,strong,LOW,1
60,1,2,B,low,new,medium,weak,LOW,0
60,1,3,A,high,established,low,strong,LOW,0
60,1,3,B,low,new,high,weak,LOW,1
60,1,4,A,high,new,medium,strong,LOW,0
60,1,4,B,high,established,medium,strong,LOW,1
60,1,5,A,high,new,low,weak,HIGH,0
60,1,5,B,high,established,medium,strong,HIGH,1
60,1,6,A,low,established,medium,strong,HIGH,0
60,1,6,B,low,established,high,strong,HIGH,1
60,1,7,A,high,established,low,strong,HIGH,0
60,1,7,B,low,established,low,weak,HIGH,1
60,1,8,A,low,established,high,weak,HIGH,1
60,1,8,B,low,new,low,strong,HIGH,0
61,2,1,A,high,new,low,weak,HIGH,0
61,2,1,B,low,new,high,weak,HIGH,1
61,2,2,A,low,established,medium,strong,LOW,0
61,2,2,B,high,new,high,weak,LOW,1
61,2,3,A,low,new,low,strong,HIGH,0
61,2,3,B,low,new,high,strong,HIGH,0
61,2,4,A,high,new,medium,weak,LOW,1
61,2,4,B,low,established,low,strong,LOW,0
61,2,5,A,low,new,low,strong,LOW,0
61,2,5,B,low,new,medium,weak,LOW,0
61,2,6,A,high,established,high,weak,HIGH,0
61,2,6,B,high,new,low,strong,HIGH,1
61,2,7,A,high,established,high,weak,LOW,1
61,2,7,B,low,established,medium,weak,LOW,0
61,2,8,A,high,new,high,weak,HIGH,1
61,2,8,B,low,new,high,strong,HIGH,0
62,3,1,A,low,new,low,weak,LOW,0
62,3,1,B,high,new,high,strong,LOW,1
62,3,2,A,low,established,medium,strong,HIGH,1
62,3,2,B,low,established,high,strong,HIGH,0
62,3,3,A,low,new,low,strong,HIGH,0
62,3,3,B,low,established,low,weak,HIGH,1
62,3,4,A,high,new,high,weak,HIGH,1
62,3,4,B,high,new,medium,strong,HIGH,0
62,3,5,A,high,established,high,strong,HIGH,0
62,3,5,B,high,new,low,strong,HIGH,1
62,3,6,A,high,new,low,strong,LOW,1
62,3,6,B,low,new,high,strong,LOW,0
62,3,7,A,high,new,high,strong,LOW,0
62,3,7,B,low,new,medium,strong,LOW,0
62,3,8,A,low,established,high,weak,LOW,1
62,3,8,B,low,established,low,strong,LOW,0
63,4,1,A,low,new,medium,weak,HIGH,0
63,4,1,B,low,established,medium,weak,HIGH,1
63,4,2,A,low,new,medium,weak,LOW,0
63,4,2,B,high,established,low,strong,LOW,1
63,4,3,A,low,new,medium,strong,HIGH,0
63,4,3,B,low,new,low,weak,HIGH,0
63,4,4,A,low,new,high,weak,HIGH,0
63,4,4,B,low,established,medium,weak,HIGH,1
63,4,5,A,low,new,high,strong,LOW,0
63,4,5,B,high,established,medium,strong,LOW,1
63,4,6,A,low,established,high,weak,HIGH,1
63,4,6,B,high,established,high,strong,HIGH,0
63,4,7,A,low,new,high,weak,LOW,1
63,4,7,B,high,new,medium,strong,LOW,0
63,4,8,A,high,established,medium,strong,LOW,1
63,4,8,B,high,established,medium,weak,LOW,0
64,1,1,A,low,new,high,strong,LOW,1
64,1,1,B,low,established,low,strong,LOW,0
64,1,2,A,high,established,medium,strong,LOW,1
64,1,2,B,low,new,medium,weak,LOW,0
64,1,3,A,high,established,low,strong,LOW,1
64,1,3,B,low,new,high,weak,LOW,0
64,1,4,A,high,new,medium,strong,LOW,0
64,1,4,B,high,established,medium,strong,LOW,0
64,1,5,A,high,new,low,weak,HIGH,1
64,1,5,B,high,established,medium,strong,HIGH,0
64,1,6,A,low,established,medium,strong,HIGH,1
64,1,6,B,low,established,high,strong,HIGH,0
64,1,7,A,high,established,low,strong,HIGH,0
64,1,7,B,low,established,low,weak,HIGH,1
64,1,8,A,low,established,high,weak,HIGH,0
64,1,8,B,low,new,low,strong,HIGH,1
65,2,1,A,high,new,low,weak,HIGH,0
65,2,1,B,low,new,high,weak,HIGH,0
65,2,2,A,low,established,medium,strong,LOW,0
65,2,2,B,high,new,high,weak,LOW,1
65,2,3,A,low,new,low,strong,HIGH,1
65,2,3,B,low,new,high,strong,HIGH,0
65,2,4,A,high,new,medium,weak,LOW,0
65,2,4,B,low,established,low,strong,LOW,0
65,2,5,A,low,new,low,strong,LOW,0
65,2,5,B,low,new,medium,weak,LOW,1
65,2,6,A,high,established,high,weak,HIGH,1
65,2,6,B,high,new,low,strong,HIGH,0
65,2,7,A,high,established,high,weak,LOW,1
65,2,7,B,low,established,medium,weak,LOW,0
65,2,8,A,high,new,high,weak,HIGH,0
65,2,8,B,low,new,high,strong,HIGH,0
66,3,1,A,low,new,low,weak,LOW,1
66,3,1,B,high,new,high,strong,LOW,0
66,3,2,A,low,established,medium,strong,HIGH,0
66,3,2,B,low,established,high,strong,HIGH,1
66,3,3,A,low,new,low,strong,HIGH,0
66,3,3,B,low,established,low,weak,HIGH,0
66,3,4,A,high,new,high,weak,HIGH,1
66,3,4,B,high,new,medium,strong,HIGH,0
66,3,5,A,high,established,high,strong,HIGH,0
66,3,5,B,high,new,low,strong,HIGH,1
66,3,6,A,high,new,low,strong,LOW,1
66,3,6,B,low,new,high,strong,LOW,0
66,3,7,A,high,new,high,strong,LOW,1
66,3,7,B,low,new,medium,strong,LOW,0
66,3,8,A,low,established,high,weak,LOW,0
66,3,8,B,low,established,low,strong,LOW,0
67,4,1,A,low,new,medium,weak,HIGH,1
67,4,1,B,low,established,medium,weak,HIGH,0
67,4,2,A,low,new,medium,weak,LOW,0
67,4,2,B,high,established,low,strong,LOW,1
67,4,3,A,low,new,medium,strong,HIGH,0
67,4,3,B,low,new,low,weak,HIGH,0
67,4,4,A,low,new,high,weak,HIGH,0
67,4,4,B,low,established,medium,weak,HIGH,1
67,4,5,A,low,new,high,strong,LOW,1
67,4,5,B,high,established,medium,strong,LOW,0
67,4,6,A,low,established,high,weak,HIGH,0
67,4,6,B,high,established,high,strong,HIGH,1
67,4,7,A,low,new,high,weak,LOW,0
67,4,7,B,high,new,medium,strong,LOW,1
67,4,8,A,high,established,medium,strong,LOW,0
67,4,8,B,high,established,medium,weak,LOW,1
68,1,1,A,low,new,high,strong,LOW,0
68,1,1,B,low,established,low,strong,LOW,0
68,1,2,A,high,established,medium,strong,LOW,0
68,1,2,B,low,new,medium,weak,LOW,0
68,1,3,A,high,established,low,strong,LOW,0
68,1,3,B,low,new,high,weak,LOW,1
68,1,4,A,high,new,medium,strong,LOW,1
68,1,4,B,high,established,medium,strong,LOW,0
68,1,5,A,high,new,low,weak,HIGH,1
68,1,5,B,high,established,medium,strong,HIGH,0
68,1,6,A,low,established,medium,strong,HIGH,1
68,1,6,B,low,established,high,strong,HIGH,0
68,1,7,A,high,established,low,strong,HIGH,1
68,1,7,B,low,established,low,weak,HIGH,0
68,1,8,A,low,established,high,weak,HIGH,1
68,1,8,B,low,new,low,strong,HIGH,0
69,2,1,A,high,new,low,weak,HIGH,0
69,2,1,B,low,new,high,weak,HIGH,0
69,2,2,A,low,established,medium,strong,LOW,0
69,2,2,B,high,new,high,weak,LOW,1
69,2,3,A,low,new,low,strong,HIGH,0
69,2,3,B,low,new,high,strong,HIGH,0
69,2,4,A,high,new,medium,weak,LOW,1
69,2,4,B,low,established,low,strong,LOW,0
69,2,5,A,low,new,low,strong,LOW,0
69,2,5,B,low,new,medium,weak,LOW,0
69,2,6,A,high,established,high,weak,HIGH,1
69,2,6,B,high,new,low,strong,HIGH,0
69,2,7,A,high,established,high,weak,LOW,1
69,2,7,B,low,established,medium,weak,LOW,0
69,2,8,A,high,new,high,weak,HIGH,0
69,2,8,B,low,new,high,strong,HIGH,1
70,3,1,A,low,new,low,weak,LOW,0
70,3,1,B,high,new,high,strong,LOW,1
70,3,2,A,low,established,medium,strong,HIGH,0
70,3,2,B,low,established,high,strong,HIGH,1
70,3,3,A,low,new,low,strong,HIGH,0
70,3,3,B,low,established,low,weak,HIGH,1
70,3,4,A,high,new,high,weak,HIGH,1
70,3,4,B,high,new,medium,strong,HIGH,0
70,3,5,A,high,established,high,strong,HIGH,0
70,3,5,B,high,new,low,strong,HIGH,1
70,3,6,A,high,new,low,strong,LOW,0
70,3,6,B,low,new,high,strong,LOW,1
70,3,7,A,high,new,high,strong,LOW,1
70,3,7,B,low,new,medium,strong,LOW,0
70,3,8,A,low,established,high,weak,LOW,0
70,3,8,B,low,established,low,strong,LOW,1
71,4,1,A,low,new,medium,weak,HIGH,0
71,4,1,B,low,established,medium,weak,HIGH,0
71,4,2,A,low,new,medium,weak,LOW,0
71,4,2,B,high,established,low,strong,LOW,0
71,4,3,A,low,new,medium,strong,HIGH,0
71,4,3,B,low,new,low,weak,HIGH,0
71,4,4,A,low,new,high,weak,HIGH,0
71,4,4,B,low,established,medium,weak,HIGH,1
71,4,5,A,low,new,high,strong,LOW,0
71,4,5,B,high,established,medium,strong,LOW,0
71,4,6,A,low,established,high,weak,HIGH,1
71,4,6,B,high,established,high,strong,HIGH,0
71,4,7,A,low,new,high,weak,LOW,0
71,4,7,B,high,new,medium,strong,LOW,0
71,4,8,A,high,established,medium,strong,LOW,0
71,4,8,B,high,established,medium,weak,LOW,0
72,1,1,A,low,new,high,strong,LOW,0
72,1,1,B,low,established,low,strong,LOW,1
72,1,2,A,high,established,medium,strong,LOW,1
72,1,2,B,low,new,medium,weak,LOW,0
72,1,3,A,high,established,low,strong,LOW,0
72,1,3,B,low,new,high,weak,LOW,1
72,1,4,A,high,new,medium,strong,LOW,1
72,1,4,B,high,established,medium,strong,LOW,0
72,1,5,A,high,new,low,weak,HIGH,0
72,1,5,B,high,established,medium,strong,HIGH,1
72,1,6,A,low,established,medium,strong,HIGH,0
72,1,6,B,low,established,high,strong,HIGH,1
72,1,7,A,high,established,low,strong,HIGH,0
72,1,7,B,low,established,low,weak,HIGH,0
72,1,8,A,low,established,high,weak,HIGH,1
72,1,8,B,low,new,low,strong,HIGH,0
73,2,1,A,high,new,low,weak,HIGH,0
73,2,1,B,low,new,high,weak,HIGH,0
73,2,2,A,low,established,medium,strong,LOW,0
73,2,2,B,high,new,high,weak,LOW,1
73,2,3,A,low,new,low,strong,HIGH,1
73,2,3,B,low,new,high,strong,HIGH,0
73,2,4,A,high,new,medium,weak,LOW,1
73,2,4,B,low,established,low,strong,LOW,0
73,2,5,A,low,new,low,strong,LOW,1
73,2,5,B,low,new,medium,weak,LOW,0
73,2,6,A,high,established,high,weak,HIGH,0
73,2,6,B,high,new,low,strong,HIGH,1
73,2,7,A,high,established,high,weak,LOW,0
73,2,7,B,low,established,medium,weak,LOW,0
73,2,8,A,high,new,high,weak,HIGH,0
73,2,8,B,low,new,high,strong,HIGH,1
74,3,1,A,low,new,low,weak,LOW,0
74,3,1,B,high,new,high,strong,LOW,1
74,3,2,A,low,established,medium,strong,HIGH,0
74,3,2,B,low,established,high,strong,HIGH,1
74,3,3,A,low,new,low,strong,HIGH,1
74,3,3,B,low,established,low,weak,HIGH,0
74,3,4,A,high,new,high,weak,HIGH,0
74,3,4,B,high,new,medium,strong,HIGH,0
74,3,5,A,high,established,high,strong,HIGH,1
74,3,5,B,high,new,low,strong,HIGH,0
74,3,6,A,high,new,low,strong,LOW,1
74,3,6,B,low,new,high,strong,LOW,0
74,3,7,A,high,new,high,strong,LOW,1
74,3,7,B,low,new,medium,strong,LOW,0
74,3,8,A,low,established,high,weak,LOW,0
74,3,8,B,low,established,low,strong,LOW,1
75,4,1,A,low,new,medium,weak,HIGH,0
75,4,1,B,low,established,medium,weak,HIGH,0
75,4,2,A,low,new,medium,weak,LOW,0
75,4,2,B,high,established,low,strong,LOW,0
75,4,3,A,low,new,medium,strong,HIGH,1
75,4,3,B,low,new,low,weak,HIGH,0
75,4,4,A,low,new,high,weak,HIGH,0
75,4,4,B,low,established,medium,weak,HIGH,0
75,4,5,A,low,new,high,strong,LOW,0
75,4,5,B,high,established,medium,strong,LOW,0
75,4,6,A,low,established,high,weak,HIGH,0
75,4,6,B,high,established,high,strong,HIGH,1
75,4,7,A,low,new,high,weak,LOW,0
75,4,7,B,high,new,medium,strong,LOW,1
75,4,8,A,high,established,medium,strong,LOW,1
75,4,8,B,high,established,medium,weak,LOW,0
76,1,1,A,low,new,high,strong,LOW,0
76,1,1,B,low,established,low,strong,LOW,1
76,1,2,A,high,established,medium,strong,LOW,0
76,1,2,B,low,new,medium,weak,LOW,0
76,1,3,A,high,established,low,strong,LOW,0
76,1,3,B,low,new,high,weak,LOW,0
76,1,4,A,high,new,medium,strong,LOW,0
76,1,4,B,high,established,medium,strong,LOW,1
76,1,5,A,high,new,low,weak,HIGH,0
76,1,5,B,high,established,medium,strong,HIGH,1
76,1,6,A,low,established,medium,strong,HIGH,0
76,1,6,B,low,established,high,strong,HIGH,0
76,1,7,A,high,established,low,strong,HIGH,1
76,1,7,B,low,established,low,weak,HIGH,0
76,1,8,A,low,established,high,weak,HIGH,0
76,1,8,B,low,new,low,strong,HIGH,0
77,2,1,A,high,new,low,weak,HIGH,0
77,2,1,B,low,new,high,weak,HIGH,1
77,2,2,A,low,established,medium,strong,LOW,1
77,2,2,B,high,new,high,weak,LOW,0
77,2,3,A,low,new,low,strong,HIGH,1
77,2,3,B,low,new,high,strong,HIGH,0
77,2,4,A,high,new,medium,weak,LOW,1
77,2,4,B,low,established,low,strong,LOW,0
77,2,5,A,low,new,low,strong,LOW,1
77,2,5,B,low,new,medium,weak,LOW,0
77,2,6,A,high,established,high,weak,HIGH,1
77,2,6,B,high,new,low,strong,HIGH,0
77,2,7,A,high,established,high,weak,LOW,1
77,2,7,B,low,established,medium,weak,LOW,0
77,2,8,A,high,new,high,weak,HIGH,0
77,2,8,B,low,new,high,strong,HIGH,0
78,3,1,A,low,new,low,weak,LOW,0
78,3,1,B,high,new,high,strong,LOW,1
78,3,2,A,low,established,medium,strong,HIGH,0
78,3,2,B,low,established,high,strong,HIGH,1
78,3,3,A,low,new,low,strong,HIGH,0
78,3,3,B,low,established,low,weak,HIGH,0
78,3,4,A,high,new,high,weak,HIGH,1
78,3,4,B,high,new,medium,strong,HIGH,0
78,3,5,A,high,established,high,strong,HIGH,0
78,3,5,B,high,new,low,strong,HIGH,1
78,3,6,A,high,new,low,strong,LOW,0
78,3,6,B,low,new,high,strong,LOW,1
78,3,7,A,high,new,high,strong,LOW,1
78,3,7,B,low,new,medium,strong,LOW,0
78,3,8,A,low,established,high,weak,LOW,0
78,3,8,B,low,established,low,strong,LOW,1
79,4,1,A,low,new,medium,weak,HIGH,0
79,4,1,B,low,established,medium,weak,HIGH,0
79,4,2,A,low,new,medium,weak,LOW,0
79,4,2,B,high,established,low,strong,LOW,1
79,4,3,A,low,new,medium,strong,HIGH,0
79,4,3,B,low,new,low,weak,HIGH,0
79,4,4,A,low,new,high,weak,HIGH,0
79,4,4,B,low,established,medium,weak,HIGH,1
79,4,5,A,low,new,high,strong,LOW,0
79,4,5,B,high,established,medium,strong,LOW,1
79,4,6,A,low,established,high,weak,HIGH,0
79,4,6,B,high,established,high,strong,HIGH,1
79,4,7,A,low,new,high,weak,LOW,0
79,4,7,B,high,new,medium,strong,LOW,1
79,4,8,A,high,established,medium,strong,LOW,0
79,4,8,B,high,established,medium,weak,LOW,1
80,1,1,A,low,new,high,strong,LOW,1
80,1,1,B,low,established,low,strong,LOW,0
80,1,2,A,high,established,medium,strong,LOW,1
80,1,2,B,low,new,medium,weak,LOW,0
80,1,3,A,high,established,low,strong,LOW,1
80,1,3,B,low,new,high,weak,LOW,0
80,1,4,A,high,new,medium,strong,LOW,1
80,1,4,B,high,established,medium,strong,LOW,0
80,1,5,A,high,new,low,weak,HIGH,0
80,1,5,B,high,established,medium,strong,HIGH,0
80,1,6,A,low,established,medium,strong,HIGH,0
80,1,6,B,low,established,high,strong,HIGH,0
80,1,7,A,high,established,low,strong,HIGH,1
80,1,7,B,low,established,low,weak,HIGH,0
80,1,8,A,low,established,high,weak,HIGH,0
80,1,8,B,low,new,low,strong,HIGH,1
81,2,1,A,high,new,low,weak,HIGH,0
81,2,1,B,low,new,high,weak,HIGH,1
81,2,2,A,low,established,medium,strong,LOW,1
81,2,2,B,high,new,high,weak,LOW,0
81,2,3,A,low,new,low,strong,HIGH,1
81,2,3,B,low,new,high,strong,HIGH,0
81,2,4,A,high,new,medium,weak,LOW,1
81,2,4,B,low,established,low,strong,LOW,0
81,2,5,A,low,new,low,strong,LOW,1
81,2,5,B,low,new,medium,weak,LOW,0
81,2,6,A,high,established,high,weak,HIGH,0
81,2,6,B,high,new,low,strong,HIGH,0
81,2,7,A,high,established,high,weak,LOW,0
81,2,7,B,low,established,medium,weak,LOW,0
81,2,8,A,high,new,high,weak,HIGH,1
81,2,8,B,low,new,high,strong,HIGH,0
82,3,1,A,low,new,low,weak,LOW,1
82,3,1,B,high,new,high,strong,LOW,0
82,3,2,A,low,established,medium,strong,HIGH,1
82,3,2,B,low,established,high,strong,HIGH,0
82,3,3,A,low,new,low,strong,HIGH,0
82,3,3,B,low,established,low,weak,HIGH,1
82,3,4,A,high,new,high,weak,HIGH,0
82,3,4,B,high,new,medium,strong,HIGH,0
82,3,5,A,high,established,high,strong,HIGH,0
82,3,5,B,high,new,low,strong,HIGH,1
82,3,6,A,high,new,low,strong,LOW,0
82,3,6,B,low,new,high,strong,LOW,0
82,3,7,A,high,new,high,strong,LOW,0
82,3,7,B,low,new,medium,strong,LOW,0
82,3,8,A,low,established,high,weak,LOW,0
82,3,8,B,low,established,low,strong,LOW,1
83,4,1,A,low,new,medium,weak,HIGH,0
83,4,1,B,low,established,medium,weak,HIGH,0
83,4,2,A,low,new,medium,weak,LOW,0
83,4,2,B,high,established,low,strong,LOW,1
83,4,3,A,low,new,medium,strong,HIGH,0
83,4,3,B,low,new,low,weak,HIGH,0
83,4,4,A,low,new,high,weak,HIGH,0
83,4,4,B,low,established,medium,weak,HIGH,1
83,4,5,A,low,new,high,strong,LOW,0
83,4,5,B,high,established,medium,strong,LOW,1
83,4,6,A,low,established,high,weak,HIGH,0
83,4,6,B,high,established,high,strong,HIGH,1
83,4,7,A,low,new,high,weak,LOW,0
83,4,7,B,high,new,medium,strong,LOW,0
83,4,8,A,high,established,medium,strong,LOW,1
83,4,8,B,high,established,medium,weak,LOW,0
84,1,1,A,low,new,high,strong,LOW,0
84,1,1,B,low,established,low,strong,LOW,0
84,1,2,A,high,established,medium,strong,LOW,1
84,1,2,B,low,new,medium,weak,LOW,0
84,1,3,A,high,established,low,strong,LOW,0
84,1,3,B,low,new,high,weak,LOW,1
84,1,4,A,high,new,medium,strong,LOW,0
84,1,4,B,high,established,medium,strong,LOW,1
84,1,5,A,high,new,low,weak,HIGH,1
84,1,5,B,high,established,medium,strong,HIGH,0
84,1,6,A,low,established,medium,strong,HIGH,0
84,1,6,B,low,established,high,strong,HIGH,1
84,1,7,A,high,established,low,strong,HIGH,1
84,1,7,B,low,established,low,weak,HIGH,0
84,1,8,A,low,established,high,weak,HIGH,0
84,1,8,B,low,new,low,strong,HIGH,0
85,2,1,A,high,new,low,weak,HIGH,0
85,2,1,B,low,new,high,weak,HIGH,1
85,2,2,A,low,established,medium,strong,LOW,1
85,2,2,B,high,new,high,weak,LOW,0
85,2,3,A,low,new,low,strong,HIGH,0
85,2,3,B,low,new,high,strong,HIGH,0
85,2,4,A,high,new,medium,weak,LOW,0
85,2,4,B,low,established,low,strong,LOW,1
85,2,5,A,low,new,low,strong,LOW,1
85,2,5,B,low,new,medium,weak,LOW,0
85,2,6,A,high,established,high,weak,HIGH,1
85,2,6,B,high,new,low,strong,HIGH,0
85,2,7,A,high,established,high,weak,LOW,0
85,2,7,B,low,established,medium,weak,LOW,1
85,2,8,A,high,new,high,weak,HIGH,1
85,2,8,B,low,new,high,strong,HIGH,0
86,3,1,A,low,new,low,weak,LOW,0
86,3,1,B,high,new,high,strong,LOW,1
86,3,2,A,low,established,medium,strong,HIGH,0
86,3,2,B,low,established,high,strong,HIGH,1
86,3,3,A,low,new,low,strong,HIGH,0
86,3,3,B,low,established,low,weak,HIGH,0
86,3,4,A,high,new,high,weak,HIGH,0
86,3,4,B,high,new,medium,strong,HIGH,1
86,3,5,A,high,established,high,strong,HIGH,0
86,3,5,B,high,new,low,strong,HIGH,0
86,3,6,A,high,new,low,strong,LOW,0
86,3,6,B,low,new,high,strong,LOW,0
86,3,7,A,high,new,high,strong,LOW,0
86,3,7,B,low,new,medium,strong,LOW,0
86,3,8,A,low,established,high,weak,LOW,0
86,3,8,B,low,established,low,strong,LOW,1
87,4,1,A,low,new,medium,weak,HIGH,1
87,4,1,B,low,established,medium,weak,HIGH,0
87,4,2,A,low,new,medium,weak,LOW,1
87,4,2,B,high,established,low,strong,LOW,0
87,4,3,A,low,new,medium,strong,HIGH,0
87,4,3,B,low,new,low,weak,HIGH,1
87,4,4,A,low,new,high,weak,HIGH,1
87,4,4,B,low,established,medium,weak,HIGH,0
87,4,5,A,low,new,high,strong,LOW,1
87,4,5,B,high,established,medium,strong,LOW,0
87,4,6,A,low,established,high,weak,HIGH,1
87,4,6,B,high,established,high,strong,HIGH,0
87,4,7,A,low,new,high,weak,LOW,0
87,4,7,B,high,new,medium,strong,LOW,0
87,4,8,A,high,established,medium,strong,LOW,1
87,4,8,B,high,established,medium,weak,LOW,0
88,1,1,A,low,new,high,strong,LOW,0
88,1,1,B,low,established,low,strong,LOW,1
88,1,2,A,high,established,medium,strong,LOW,1
88,1,2,B,low,new,medium,weak,LOW,0
88,1,3,A,high,established,low,strong,LOW,0
88,1,3,B,low,new,high,weak,LOW,0
88,1,4,A,high,new,medium,strong,LOW,0
88,1,4,B,high,established,medium,strong,LOW,1
88,1,5,A,high,new,low,weak,HIGH,1
88,1,5,B,high,established,medium,strong,HIGH,0
88,1,6,A,low,established,medium,strong,HIGH,0
88,1,6,B,low,established,high,strong,HIGH,0
88,1,7,A,high,established,low,strong,HIGH,0
88,1,7,B,low,established,low,weak,HIGH,0
88,1,8,A,low,established,high,weak,HIGH,0
88,1,8,B,low,new,low,strong,HIGH,0
89,2,1,A,high,new,low,weak,HIGH,1
89,2,1,B,low,new,high,weak,HIGH,0
89,2,2,A,low,established,medium,strong,LOW,0
89,2,2,B,high,new,high,weak,LOW,1
89,2,3,A,low,new,low,strong,HIGH,0
89,2,3,B,low,new,high,strong,HIGH,0
89,2,4,A,high,new,medium,weak,LOW,1
89,2,4,B,low,established,low,strong,LOW,0
89,2,5,A,low,new,low,strong,LOW,0
89,2,5,B,low,new,medium,weak,LOW,0
89,2,6,A,high,established,high,weak,HIGH,1
89,2,6,B,high,new,low,strong,HIGH,0
89,2,7,A,high,established,high,weak,LOW,0
89,2,7,B,low,established,medium,weak,LOW,0
89,2,8,A,high,new,high,weak,HIGH,1
89,2,8,B,low,new,high,strong,HIGH,0
90,3,1,A,low,new,low,weak,LOW,0
90,3,1,B,high,new,high,strong,LOW,1
90,3,2,A,low,established,medium,strong,HIGH,0
90,3,2,B,low,established,high,strong,HIGH,0
90,3,3,A,low,new,low,strong,HIGH,1
90,3,3,B,low,established,low,weak,HIGH,0
90,3,4,A,high,new,high,weak,HIGH,0
90,3,4,B,high,new,medium,strong,HIGH,1
90,3,5,A,high,established,high,strong,HIGH,1
90,3,5,B,high,new,low,strong,HIGH,0
90,3,6,A,high,new,low,strong,LOW,0
90,3,6,B,low,new,high,strong,LOW,0
90,3,7,A,high,new,high,strong,LOW,1
90,3,7,B,low,new,medium,strong,LOW,0
90,3,8,A,low,established,high,weak,LOW,0
90,3,8,B,low,established,low,strong,LOW,1
91,4,1,A,low,new,medium,weak,HIGH,0
91,4,1,B,low,established,medium,weak,HIGH,1
91,4,2,A,low,new,medium,weak,LOW,0
91,4,2,B,high,established,low,strong,LOW,1
91,4,3,A,low,new,medium,strong,HIGH,0
91,4,3,B,low,new,low,weak,HIGH,0
91,4,4,A,low,new,high,weak,HIGH,1
91,4,4,B,low,established,medium,weak,HIGH,0
91,4,5,A,low,new,high,strong,LOW,0
91,4,5,B,high,established,medium,strong,LOW,0
91,4,6,A,low,established,high,weak,HIGH,0
91,4,6,B,high,established,high,strong,HIGH,1
91,4,7,A,low,new,high,weak,LOW,0
91,4,7,B,high,new,medium,strong,LOW,0
91,4,8,A,high,established,medium,strong,LOW,0
91,4,8,B,high,established,medium,weak,LOW,1
92,1,1,A,low,new,high,strong,LOW,0
92,1,1,B,low,established,low,strong,LOW,0
92,1,2,A,high,established,medium,strong,LOW,1
92,1,2,B,low,new,medium,weak,LOW,0
92,1,3,A,high,established,low,strong,LOW,0
92,1,3,B,low,new,high,weak,LOW,1
92,1,4,A,high,new,medium,strong,LOW,0
92,1,4,B,high,established,medium,strong,LOW,0
92,1,5,A,high,new,low,weak,HIGH,0
92,1,5,B,high,established,medium,strong,HIGH,0
92,1,6,A,low,established,medium,strong,HIGH,1
92,1,6,B,low,established,high,strong,HIGH,0
92,1,7,A,high,established,low,strong,HIGH,0
92,1,7,B,low,established,low,weak,HIGH,0
92,1,8,A,low,established,high,weak,HIGH,0
92,1,8,B,low,new,low,strong,HIGH,1
93,2,1,A,high,new,low,weak,HIGH,0
93,2,1,B,low,new,high,weak,HIGH,0
93,2,2,A,low,established,medium,strong,LOW,0
93,2,2,B,high,new,high,weak,LOW,1
93,2,3,A,low,new,low,strong,HIGH,1
93,2,3,B,low,new,high,strong,HIGH,0
93,2,4,A,high,new,medium,weak,LOW,0
93,2,4,B,low,established,low,strong,LOW,0
93,2,5,A,low,new,low,strong,LOW,0
93,2,5,B,low,new,medium,weak,LOW,1
93,2,6,A,high,established,high,weak,HIGH,0
93,2,6,B,high,new,low,strong,HIGH,0
93,2,7,A,high,established,high,weak,LOW,1
93,2,7,B,low,established,medium,weak,LOW,0
93,2,8,A,high,new,high,weak,HIGH,0
93,2,8,B,low,new,high,strong,HIGH,1
94,3,1,A,low,new,low,weak,LOW,1
94,3,1,B,high,new,high,strong,LOW,0
94,3,2,A,low,established,medium,strong,HIGH,1
94,3,2,B,low,established,high,strong,HIGH,0
94,3,3,A,low,new,low,strong,HIGH,0
94,3,3,B,low,established,low,weak,HIGH,1
94,3,4,A,high,new,high,weak,HIGH,1
94,3,4,B,high,new,medium,strong,HIGH,0
94,3,5,A,high,established,high,strong,HIGH,0
94,3,5,B,high,new,low,strong,HIGH,1
94,3,6,A,high,new,low,strong,LOW,1
94,3,6,B,low,new,high,strong,LOW,0
94,3,7,A,high,new,high,strong,LOW,0
94,3,7,B,low,new,medium,strong,LOW,0
94,3,8,A,low,established,high,weak,LOW,0
94,3,8,B,low,established,low,strong,LOW,1
95,4,1,A,low,new,medium,weak,HIGH,1
95,4,1,B,low,established,medium,weak,HIGH,0
95,4,2,A,low,new,medium,weak,LOW,0
95,4,2,B,high,established,low,strong,LOW,1
95,4,3,A,low,new,medium,strong,HIGH,0
95,4,3,B,low,new,low,weak,HIGH,1
95,4,4,A,low,new,high,weak,HIGH,0
95,4,4,B,low,established,medium,weak,HIGH,0
95,4,5,A,low,new,high,strong,LOW,1
95,4,5,B,high,established,medium,strong,LOW,0
95,4,6,A,low,established,high,weak,HIGH,0
95,4,6,B,high,established,high,strong,HIGH,0
95,4,7,A,low,new,high,weak,LOW,0
95,4,7,B,high,new,medium,strong,LOW,0
95,4,8,A,high,established,medium,strong,LOW,0
95,4,8,B,high,established,medium,weak,LOW,1
96,1,1,A,low,new,high,strong,LOW,1
96,1,1,B,low,established,low,strong,LOW,0
96,1,2,A,high,established,medium,strong,LOW,0
96,1,2,B,low,new,medium,weak,LOW,0
96,1,3,A,high,established,low,strong,LOW,0
96,1,3,B,low,new,high,weak,LOW,1
96,1,4,A,high,new,medium,strong,LOW,0
96,1,4,B,high,established,medium,strong,LOW,1
96,1,5,A,high,new,low,weak,HIGH,0
96,1,5,B,high,established,medium,strong,HIGH,1
96,1,6,A,low,established,medium,strong,HIGH,0
96,1,6,B,low,established,high,strong,HIGH,1
96,1,7,A,high,established,low,strong,HIGH,0
96,1,7,B,low,established,low,weak,HIGH,0
96,1,8,A,low,established,high,weak,HIGH,0
96,1,8,B,low,new,low,strong,HIGH,0
97,2,1,A,high,new,low,weak,HIGH,0
97,2,1,B,low,new,high,weak,HIGH,1
97,2,2,A,low,established,medium,strong,LOW,1
97,2,2,B,high,new,high,weak,LOW,0
97,2,3,A,low,new,low,strong,HIGH,0
97,2,3,B,low,new,high,strong,HIGH,1
97,2,4,A,high,new,medium,weak,LOW,1
97,2,4,B,low,established,low,strong,LOW,0
97,2,5,A,low,new,low,strong,LOW,1
97,2,5,B,low,new,medium,weak,LOW,0
97,2,6,A,high,established,high,weak,HIGH,1
97,2,6,B,high,new,low,strong,HIGH,0
97,2,7,A,high,established,high,weak,LOW,0
97,2,7,B,low,established,medium,weak,LOW,0
97,2,8,A,high,new,high,weak,HIGH,0
97,2,8,B,low,new,high,strong,HIGH,1
98,3,1,A,low,new,low,weak,LOW,1
98,3,1,B,high,new,high,strong,LOW,0
98,3,2,A,low,established,medium,strong,HIGH,0
98,3,2,B,low,established,high,strong,HIGH,0
98,3,3,A,low,new,low,strong,HIGH,1
98,3,3,B,low,established,low,weak,HIGH,0
98,3,4,A,high,new,high,weak,HIGH,0
98,3,4,B,high,new,medium,strong,HIGH,1
98,3,5,A,high,established,high,strong,HIGH,0
98,3,5,B,high,new,low,strong,HIGH,1
98,3,6,A,high,new,low,strong,LOW,0
98,3,6,B,low,new,high,strong,LOW,1
98,3,7,A,high,new,high,strong,LOW,1
98,3,7,B,low,new,medium,strong,LOW,0
98,3,8,A,low,established,high,weak,LOW,1
98,3,8,B,low,established,low,strong,LOW,0
99,4,1,A,low,new,medium,weak,HIGH,0
99,4,1,B,low,established,medium,weak,HIGH,0
99,4,2,A,low,new,medium,weak,LOW,0
99,4,2,B,high,established,low,strong,LOW,0
99,4,3,A,low,new,medium,strong,HIGH,0
99,4,3,B,low,new,low,weak,HIGH,1
99,4,4,A,low,new,high,weak,HIGH,1
99,4,4,B,low,established,medium,weak,HIGH,0
99,4,5,A,low,new,high,strong,LOW,0
99,4,5,B,high,established,medium,strong,LOW,0
99,4,6,A,low,established,high,weak,HIGH,0
99,4,6,B,high,established,high,strong,HIGH,1
99,4,7,A,low,new,high,weak,LOW,0
99,4,7,B,high,new,medium,strong,LOW,1
99,4,8,A,high,established,medium,strong,LOW,1
99,4,8,B,high,established,medium,weak,LOW,0
100,1,1,A,low,new,high,strong,LOW,0
100,1,1,B,low,established,low,strong,LOW,1
100,1,2,A,high,established,medium,strong,LOW,1
100,1,2,B,low,new,medium,weak,LOW,0
100,1,3,A,high,established,low,strong,LOW,1
100,1,3,B,low,new,high,weak,LOW,0
100,1,4,A,high,new,medium,strong,LOW,0
100,1,4,B,high,established,medium,strong,LOW,0
100,1,5,A,high,new,low,weak,HIGH,1
100,1,5,B,high,established,medium,strong,HIGH,0
100,1,6,A,low,established,medium,strong,HIGH,0
100,1,6,B,low,established,high,strong,HIGH,1
100,1,7,A,high,established,low,strong,HIGH,1
100,1,7,B,low,established,low,weak,HIGH,0
100,1,8,A,low,established,high,weak,HIGH,0
100,1,8,B,low,new,low,strong,HIGH,0
101,2,1,A,high,new,low,weak,HIGH,0
101,2,1,B,low,new,high,weak,HIGH,0
101,2,2,A,low,established,medium,strong,LOW,0
101,2,2,B,high,new,high,weak,LOW,0
101,2,3,A,low,new,low,strong,HIGH,1
101,2,3,B,low,new,high,strong,HIGH,0
101,2,4,A,high,new,medium,weak,LOW,1
101,2,4,B,low,established,low,strong,LOW,0
101,2,5,A,low,new,low,strong,LOW,1
101,2,5,B,low,new,medium,weak,LOW,0
101,2,6,A,high,established,high,weak,HIGH,1
101,2,6,B,high,new,low,strong,HIGH,0
101,2,7,A,high,established,high,weak,LOW,1
101,2,7,B,low,established,medium,weak,LOW,0
101,2,8,A,high,new,high,weak,HIGH,0
101,2,8,B,low,new,high,strong,HIGH,1
102,3,1,A,low,new,low,weak,LOW,1
102,3,1,B,high,new,high,strong,LOW,0
102,3,2,A,low,established,medium,strong,HIGH,1
102,3,2,B,low,established,high,strong,HIGH,0
102,3,3,A,low,new,low,strong,HIGH,0
102,3,3,B,low,established,low,weak,HIGH,1
102,3,4,A,high,new,high,weak,HIGH,0
102,3,4,B,high,new,medium,strong,HIGH,1
102,3,5,A,high,established,high,strong,HIGH,1
102,3,5,B,high,new,low,strong,HIGH,0
102,3,6,A,high,new,low,strong,LOW,0
102,3,6,B,low,new,high,strong,LOW,0
102,3,7,A,high,new,high,strong,LOW,0
102,3,7,B,low,new,medium,strong,LOW,0
102,3,8,A,low,established,high,weak,LOW,0
102,3,8,B,low,established,low,strong,LOW,1
103,4,1,A,low,new,medium,weak,HIGH,0
103,4,1,B,low,established,medium,weak,HIGH,1
103,4,2,A,low,new,medium,weak,LOW,0
103,4,2,B,high,established,low,strong,LOW,1
103,4,3,A,low,new,medium,strong,HIGH,0
103,4,3,B,low,new,low,weak,HIGH,0
103,4,4,A,low,new,high,weak,HIGH,1
103,4,4,B,low,established,medium,weak,HIGH,0
103,4,5,A,low,new,high,strong,LOW,1
103,4,5,B,high,established,medium,strong,LOW,0
103,4,6,A,low,established,high,weak,HIGH,1
103,4,6,B,high,established,high,strong,HIGH,0
103,4,7,A,low,new,high,weak,LOW,0
103,4,7,B,high,new,medium,strong,LOW,0
103,4,8,A,high,established,medium,strong,LOW,0
103,4,8,B,high,established,medium,weak,LOW,1
104,1,1,A,low,new,high,strong,LOW,0
104,1,1,B,low,established,low,strong,LOW,1
104,1,2,A,high,established,medium,strong,LOW,1
104,1,2,B,low,new,medium,weak,LOW,0
104,1,3,A,high,established,low,strong,LOW,1
104,1,3,B,low,new,high,weak,LOW,0
104,1,4,A,high,new,medium,strong,LOW,1
104,1,4,B,high,established,medium,strong,LOW,0
104,1,5,A,high,new,low,weak,HIGH,0
104,1,5,B,high,established,medium,strong,HIGH,0
104,1,6,A,low,established,medium,strong,HIGH,0
104,1,6,B,low,established,high,strong,HIGH,0
104,1,7,A,high,established,low,strong,HIGH,1
104,1,7,B,low,established,low,weak,HIGH,0
104,1,8,A,low,established,high,weak,HIGH,0
104,1,8,B,low,new,low,strong,HIGH,0
105,2,1,A,high,new,low,weak,HIGH,0
105,2,1,B,low,new,high,weak,HIGH,1
105,2,2,A,low,established,medium,strong,LOW,1
105,2,2,B,high,new,high,weak,LOW,0
105,2,3,A,low,new,low,strong,HIGH,0
105,2,3,B,low,new,high,strong,HIGH,0
105,2,4,A,high,new,medium,weak,LOW,1
105,2,4,B,low,established,low,strong,LOW,0
105,2,5,A,low,new,low,strong,LOW,0
105,2,5,B,low,new,medium,weak,LOW,0
105,2,6,A,high,established,high,weak,HIGH,0
105,2,6,B,high,new,low,strong,HIGH,0
105,2,7,A,high,established,high,weak,LOW,1
105,2,7,B,low,established,medium,weak,LOW,0
105,2,8,A,high,new,high,weak,HIGH,0
105,2,8,B,low,new,high,strong,HIGH,1
106,3,1,A,low,new,low,weak,LOW,0
106,3,1,B,high,new,high,strong,LOW,0
106,3,2,A,low,established,medium,strong,HIGH,0
106,3,2,B,low,established,high,strong,HIGH,1
106,3,3,A,low,new,low,strong,HIGH,1
106,3,3,B,low,established,low,weak,HIGH,0
106,3,4,A,high,new,high,weak,HIGH,1
106,3,4,B,high,new,medium,strong,HIGH,0
106,3,5,A,high,established,high,strong,HIGH,0
106,3,5,B,high,new,low,strong,HIGH,1
106,3,6,A,high,new,low,strong,LOW,0
106,3,6,B,low,new,high,strong,LOW,0
106,3,7,A,high,new,high,strong,LOW,1
106,3,7,B,low,new,medium,strong,LOW,0
106,3,8,A,low,established,high,weak,LOW,1
106,3,8,B,low,established,low,strong,LOW,0
107,4,1,A,low,new,medium,weak,HIGH,0
107,4,1,B,low,established,medium,weak,HIGH,0
107,4,2,A,low,new,medium,weak,LOW,0
107,4,2,B,high,established,low,strong,LOW,0
107,4,3,A,low,new,medium,strong,HIGH,0
107,4,3,B,low,new,low,weak,HIGH,1
107,4,4,A,low,new,high,weak,HIGH,1
107,4,4,B,low,established,medium,weak,HIGH,0
107,4,5,A,low,new,high,strong,LOW,0
107,4,5,B,high,established,medium,strong,LOW,0
107,4,6,A,low,established,high,weak,HIGH,0
107,4,6,B,high,established,high,strong,HIGH,0
107,4,7,A,low,new,high,weak,LOW,0
107,4,7,B,high,new,medium,strong,LOW,1
107,4,8,A,high,established,medium,strong,LOW,0
107,4,8,B,high,established,medium,weak,LOW,0
108,1,1,A,low,new,high,strong,LOW,0
108,1,1,B,low,established,low,strong,LOW,1
108,1,2,A,high,established,medium,strong,LOW,1
108,1,2,B,low,new,medium,weak,LOW,0
108,1,3,A,high,established,low,strong,LOW,1
108,1,3,B,low,new,high,weak,LOW,0
108,1,4,A,high,new,medium,strong,LOW,1
108,1,4,B,high,established,medium,strong,LOW,0
108,1,5,A,high,new,low,weak,HIGH,0
108,1,5,B,high,established,medium,strong,HIGH,1
108,1,6,A,low,established,medium,strong,HIGH,0
108,1,6,B,low,established,high,strong,HIGH,1
108,1,7,A,high,established,low,strong,HIGH,0
108,1,7,B,low,established,low,weak,HIGH,0
108,1,8,A,low,established,high,weak,HIGH,0
108,1,8,B,low,new,low,strong,HIGH,1
109,2,1,A,high,new,low,weak,HIGH,0
109,2,1,B,low,new,high,weak,HIGH,1
109,2,2,A,low,established,medium,strong,LOW,0
109,2,2,B,high,new,high,weak,LOW,1
109,2,3,A,low,new,low,strong,HIGH,1
109,2,3,B,low,new,high,strong,HIGH,0
109,2,4,A,high,new,medium,weak,LOW,1
109,2,4,B,low,established,low,strong,LOW,0
109,2,5,A,low,new,low,strong,LOW,0
109,2,5,B,low,new,medium,weak,LOW,0
109,2,6,A,high,established,high,weak,HIGH,0
109,2,6,B,high,new,low,strong,HIGH,1
109,2,7,A,high,established,high,weak,LOW,1
109,2,7,B,low,established,medium,weak,LOW,0
109,2,8,A,high,new,high,weak,HIGH,1
109,2,8,B,low,new,high,strong,HIGH,0
110,3,1,A,low,new,low,weak,LOW,0
110,3,1,B,high,new,high,strong,LOW,1
110,3,2,A,low,established,medium,strong,HIGH,0
110,3,2,B,low,established,high,strong,HIGH,0
110,3,3,A,low,new,low,strong,HIGH,0
110,3,3,B,low,established,low,weak,HIGH,0
110,3,4,A,high,new,high,weak,HIGH,0
110,3,4,B,high,new,medium,strong,HIGH,1
110,3,5,A,high,established,high,strong,HIGH,0
110,3,5,B,high,new,low,strong,HIGH,1
110,3,6,A,high,new,low,strong,LOW,0
110,3,6,B,low,new,high,strong,LOW,1
110,3,7,A,high,new,high,strong,LOW,1
110,3,7,B,low,new,medium,strong,LOW,0
110,3,8,A,low,established,high,weak,LOW,1
110,3,8,B,low,established,low,strong,LOW,0
111,4,1,A,low,new,medium,weak,HIGH,0
111,4,1,B,low,established,medium,weak,HIGH,0
111,4,2,A,low,new,medium,weak,LOW,0
111,4,2,B,high,established,low,strong,LOW,1
111,4,3,A,low,new,medium,strong,HIGH,0
111,4,3,B,low,new,low,weak,HIGH,1
111,4,4,A,low,new,high,weak,HIGH,0
111,4,4,B,low,established,medium,weak,HIGH,0
111,4,5,A,low,new,high,strong,LOW,0
111,4,5,B,high,established,medium,strong,LOW,0
111,4,6,A,low,established,high,weak,HIGH,1
111,4,6,B,high,established,high,strong,HIGH,0
111,4,7,A,low,new,high,weak,LOW,0
111,4,7,B,high,new,medium,strong,LOW,1
111,4,8,A,high,established,medium,strong,LOW,1
111,4,8,B,high,established,medium,weak,LOW,0
112,1,1,A,low,new,high,strong,LOW,1
112,1,1,B,low,established,low,strong,LOW,0
112,1,2,A,high,established,medium,strong,LOW,1
112,1,2,B,low,new,medium,weak,LOW,0
112,1,3,A,high,established,low,strong,LOW,1
112,1,3,B,low,new,high,weak,LOW,0
112,1,4,A,high,new,medium,strong,LOW,0
112,1,4,B,high,established,medium,strong,LOW,1
112,1,5,A,high,new,low,weak,HIGH,0
112,1,5,B,high,established,medium,strong,HIGH,0
112,1,6,A,low,established,medium,strong,HIGH,0
112,1,6,B,low,established,high,strong,HIGH,1
112,1,7,A,high,established,low,strong,HIGH,0
112,1,7,B,low,established,low,weak,HIGH,0
112,1,8,A,low,established,high,weak,HIGH,1
112,1,8,B,low,new,low,strong,HIGH,0
113,2,1,A,high,new,low,weak,HIGH,1
113,2,1,B,low,new,high,weak,HIGH,0
113,2,2,A,low,established,medium,strong,LOW,1
113,2,2,B,high,new,high,weak,LOW,0
113,2,3,A,low,new,low,strong,HIGH,0
113,2,3,B,low,new,high,strong,HIGH,1
113,2,4,A,high,new,medium,weak,LOW,0
113,2,4,B,low,established,low,strong,LOW,1
113,2,5,A,low,new,low,strong,LOW,0
113,2,5,B,low,new,medium,weak,LOW,0
113,2,6,A,high,established,high,weak,HIGH,0
113,2,6,B,high,new,low,strong,HIGH,1
113,2,7,A,high,established,high,weak,LOW,1
113,2,7,B,low,established,medium,weak,LOW,0
113,2,8,A,high,new,high,weak,HIGH,1
113,2,8,B,low,new,high,strong,HIGH,0
114,3,1,A,low,new,low,weak,LOW,0
114,3,1,B,high,new,high,strong,LOW,0
114,3,2,A,low,established,medium,strong,HIGH,0
114,3,2,B,low,established,high,strong,HIGH,0
114,3,3,A,low,new,low,strong,HIGH,1
114,3,3,B,low,established,low,weak,HIGH,0
114,3,4,A,high,new,high,weak,HIGH,0
114,3,4,B,high,new,medium,strong,HIGH,1
114,3,5,A,high,established,high,strong,HIGH,0
114,3,5,B,high,new,low,strong,HIGH,0
114,3,6,A,high,new,low,strong,LOW,0
114,3,6,B,low,new,high,strong,LOW,1
114,3,7,A,high,new,high,strong,LOW,1
114,3,7,B,low,new,medium,strong,LOW,0
114,3,8,A,low,established,high,weak,LOW,1
114,3,8,B,low,established,low,strong,LOW,0
115,4,1,A,low,new,medium,weak,HIGH,0
115,4,1,B,low,established,medium,weak,HIGH,0
115,4,2,A,low,new,medium,weak,LOW,0
115,4,2,B,high,established,low,strong,LOW,1
115,4,3,A,low,new,medium,strong,HIGH,0
115,4,3,B,low,new,low,weak,HIGH,0
115,4,4,A,low,new,high,weak,HIGH,0
115,4,4,B,low,established,medium,weak,HIGH,1
115,4,5,A,low,new,high,strong,LOW,0
115,4,5,B,high,established,medium,strong,LOW,0
115,4,6,A,low,established,high,weak,HIGH,0
115,4,6,B,high,established,high,strong,HIGH,1
115,4,7,A,low,new,high,weak,LOW,0
115,4,7,B,high,new,medium,strong,LOW,0
115,4,8,A,high,established,medium,strong,LOW,1
115,4,8,B,high,established,medium,weak,LOW,0
116,1,1,A,low,new,high,strong,LOW,0
116,1,1,B,low,established,low,strong,LOW,1
116,1,2,A,high,established,medium,strong,LOW,1
116,1,2,B,low,new,medium,weak,LOW,0
116,1,3,A,high,established,low,strong,LOW,0
116,1,3,B,low,new,high,weak,LOW,0
116,1,4,A,high,new,medium,strong,LOW,0
116,1,4,B,high,established,medium,strong,LOW,1
116,1,5,A,high,new,low,weak,HIGH,1
116,1,5,B,high,established,medium,strong,HIGH,0
116,1,6,A,low,established,medium,strong,HIGH,0
116,1,6,B,low,established,high,strong,HIGH,1
116,1,7,A,high,established,low,strong,HIGH,0
116,1,7,B,low,established,low,weak,HIGH,0
116,1,8,A,low,established,high,weak,HIGH,0
116,1,8,B,low,new,low,strong,HIGH,0
117,2,1,A,high,new,low,weak,HIGH,0
117,2,1,B,low,new,high,weak,HIGH,1
117,2,2,A,low,established,medium,strong,LOW,0
117,2,2,B,high,new,high,weak,LOW,0
117,2,3,A,low,new,low,strong,HIGH,0
117,2,3,B,low,new,high,strong,HIGH,1
117,2,4,A,high,new,medium,weak,LOW,1
117,2,4,B,low,established,low,strong,LOW,0
117,2,5,A,low,new,low,strong,LOW,1
117,2,5,B,low,new,medium,weak,LOW,0
117,2,6,A,high,established,high,weak,HIGH,0
117,2,6,B,high,new,low,strong,HIGH,1
117,2,7,A,high,established,high,weak,LOW,0
117,2,7,B,low,established,medium,weak,LOW,1
117,2,8,A,high,new,high,weak,HIGH,0
117,2,8,B,low,new,high,strong,HIGH,0
118,3,1,A,low,new,low,weak,LOW,0
118,3,1,B,high,new,high,strong,LOW,0
118,3,2,A,low,established,medium,strong,HIGH,1
118,3,2,B,low,established,high,strong,HIGH,0
118,3,3,A,low,new,low,strong,HIGH,0
118,3,3,B,low,established,low,weak,HIGH,1
118,3,4,A,high,new,high,weak,HIGH,0
118,3,4,B,high,new,medium,strong,HIGH,1
118,3,5,A,high,established,high,strong,HIGH,1
118,3,5,B,high,new,low,strong,HIGH,0
118,3,6,A,high,new,low,strong,LOW,0
118,3,6,B,low,new,high,strong,LOW,0
118,3,7,A,high,new,high,strong,LOW,1
118,3,7,B,low,new,medium,strong,LOW,0
118,3,8,A,low,established,high,weak,LOW,1
118,3,8,B,low,established,low,strong,LOW,0
119,4,1,A,low,new,medium,weak,HIGH,0
119,4,1,B,low,established,medium,weak,HIGH,0
119,4,2,A,low,new,medium,weak,LOW,0
119,4,2,B,high,established,low,strong,LOW,1
119,4,3,A,low,new,medium,strong,HIGH,1
119,4,3,B,low,new,low,weak,HIGH,0
119,4,4,A,low,new,high,weak,HIGH,0
119,4,4,B,low,established,medium,weak,HIGH,0
119,4,5,A,low,new,high,strong,LOW,0
119,4,5,B,high,established,medium,strong,LOW,1
119,4,6,A,low,established,high,weak,HIGH,1
119,4,6,B,high,established,high,strong,HIGH,0
119,4,7,A,low,new,high,weak,LOW,1
119,4,7,B,high,new,medium,strong,LOW,0
119,4,8,A,high,established,medium,strong,LOW,1
119,4,8,B,high,established,medium,weak,LOW,0
120,1,1,A,low,new,high,strong,LOW,1
120,1,1,B,low,established,low,strong,LOW,0
120,1,2,A,high,established,medium,strong,LOW,0
120,1,2,B,low,new,medium,weak,LOW,1
120,1,3,A,high,established,low,strong,LOW,1
120,1,3,B,low,new,high,weak,LOW,0
120,1,4,A,high,new,medium,strong,LOW,0
120,1,4,B,high,established,medium,strong,LOW,1
120,1,5,A,high,new,low,weak,HIGH,0
120,1,5,B,high,established,medium,strong,HIGH,1
120,1,6,A,low,established,medium,strong,HIGH,1
120,1,6,B,low,established,high,strong,HIGH,0
120,1,7,A,high,established,low,strong,HIGH,0
120,1,7,B,low,established,low,weak,HIGH,1
120,1,8,A,low,established,high,weak,HIGH,0
120,1,8,B,low,new,low,strong,HIGH,0
121,2,1,A,high,new,low,weak,HIGH,1
121,2,1,B,low,new,high,weak,HIGH,0
121,2,2,A,low,established,medium,strong,LOW,0
121,2,2,B,high,new,high,weak,LOW,1
121,2,3,A,low,new,low,strong,HIGH,1
121,2,3,B,low,new,high,strong,HIGH,0
121,2,4,A,high,new,medium,weak,LOW,0
121,2,4,B,low,established,low,strong,LOW,0
121,2,5,A,low,new,low,strong,LOW,1
121,2,5,B,low,new,medium,weak,LOW,0
121,2,6,A,high,established,high,weak,HIGH,1
121,2,6,B,high,new,low,strong,HIGH,0
121,2,7,A,high,established,high,weak,LOW,1
121,2,7,B,low,established,medium,weak,LOW,0
121,2,8,A,high,new,high,weak,HIGH,0
121,2,8,B,low,new,high,strong,HIGH,1
122,3,1,A,low,new,low,weak,LOW,0
122,3,1,B,high,new,high,strong,LOW,0
122,3,2,A,low,established,medium,strong,HIGH,0
122,3,2,B,low,established,high,strong,HIGH,0
122,3,3,A,low,new,low,strong,HIGH,0
122,3,3,B,low,established,low,weak,HIGH,0
122,3,4,A,high,new,high,weak,HIGH,0
122,3,4,B,high,new,medium,strong,HIGH,1
122,3,5,A,high,established,high,strong,HIGH,1
122,3,5,B,high,new,low,strong,HIGH,0
122,3,6,A,high,new,low,strong,LOW,0
122,3,6,B,low,new,high,strong,LOW,0
122,3,7,A,high,new,high,strong,LOW,1
122,3,7,B,low,new,medium,strong,LOW,0
122,3,8,A,low,established,high,weak,LOW,1
122,3,8,B,low,established,low,strong,LOW,0
123,4,1,A,low,new,medium,weak,HIGH,0
123,4,1,B,low,established,medium,weak,HIGH,1
123,4,2,A,low,new,medium,weak,LOW,0
123,4,2,B,high,established,low,strong,LOW,1
123,4,3,A,low,new,medium,strong,HIGH,0
123,4,3,B,low,new,low,weak,HIGH,1
123,4,4,A,low,new,high,weak,HIGH,0
123,4,4,B,low,established,medium,weak,HIGH,0
123,4,5,A,low,new,high,strong,LOW,0
123,4,5,B,high,established,medium,strong,LOW,1
123,4,6,A,low,established,high,weak,HIGH,0
123,4,6,B,high,established,high,strong,HIGH,1
123,4,7,A,low,new,high,weak,LOW,0
123,4,7,B,high,new,medium,strong,LOW,1
123,4,8,A,high,established,medium,strong,LOW,1
123,4,8,B,high,established,medium,weak,LOW,0
124,1,1,A,low,new,high,strong,LOW,1
124,1,1,B,low,established,low,strong,LOW,0
124,1,2,A,high,established,medium,strong,LOW,0
124,1,2,B,low,new,medium,weak,LOW,0
124,1,3,A,high,established,low,strong,LOW,1
124,1,3,B,low,new,high,weak,LOW,0
124,1,4,A,high,new,medium,strong,LOW,0
124,1,4,B,high,established,medium,strong,LOW,1
124,1,5,A,high,new,low,weak,HIGH,1
124,1,5,B,high,established,medium,strong,HIGH,0
124,1,6,A,low,established,medium,strong,HIGH,1
124,1,6,B,low,established,high,strong,HIGH,0
124,1,7,A,high,established,low,strong,HIGH,1
124,1,7,B,low,established,low,weak,HIGH,0
124,1,8,A,low,established,high,weak,HIGH,1
124,1,8,B,low,new,low,strong,HIGH,0
125,2,1,A,high,new,low,weak,HIGH,0
125,2,1,B,low,new,high,weak,HIGH,1
125,2,2,A,low,established,medium,strong,LOW,0
125,2,2,B,high,new,high,weak,LOW,1
125,2,3,A,low,new,low,strong,HIGH,0
125,2,3,B,low,new,high,strong,HIGH,1
125,2,4,A,high,new,medium,weak,LOW,1
125,2,4,B,low,established,low,strong,LOW,0
125,2,5,A,low,new,low,strong,LOW,1
125,2,5,B,low,new,medium,weak,LOW,0
125,2,6,A,high,established,high,weak,HIGH,0
125,2,6,B,high,new,low,strong,HIGH,1
125,2,7,A,high,established,high,weak,LOW,1
125,2,7,B,low,established,medium,weak,LOW,0
125,2,8,A,high,new,high,weak,HIGH,1
125,2,8,B,low,new,high,strong,HIGH,0
126,3,1,A,low,new,low,weak,LOW,0
126,3,1,B,high,new,high,strong,LOW,1
126,3,2,A,low,established,medium,strong,HIGH,0
126,3,2,B,low,established,high,strong,HIGH,0
126,3,3,A,low,new,low,strong,HIGH,0
126,3,3,B,low,established,low,weak,HIGH,1
126,3,4,A,high,new,high,weak,HIGH,1
126,3,4,B,high,new,medium,strong,HIGH,0
126,3,5,A,high,established,high,strong,HIGH,0
126,3,5,B,high,new,low,strong,HIGH,1
126,3,6,A,high,new,low,strong,LOW,1
126,3,6,B,low,new,high,strong,LOW,0
126,3,7,A,high,new,high,strong,LOW,1
126,3,7,B,low,new,medium,strong,LOW,0
126,3,8,A,low,established,high,weak,LOW,0
126,3,8,B,low,established,low,strong,LOW,0
127,4,1,A,low,new,medium,weak,HIGH,0
127,4,1,B,low,established,medium,weak,HIGH,0
127,4,2,A,low,new,medium,weak,LOW,0
127,4,2,B,high,established,low,strong,LOW,1
127,4,3,A,low,new,medium,strong,HIGH,1
127,4,3,B,low,new,low,weak,HIGH,0
127,4,4,A,low,new,high,weak,HIGH,1
127,4,4,B,low,established,medium,weak,HIGH,0
127,4,5,A,low,new,high,strong,LOW,1
127,4,5,B,high,established,medium,strong,LOW,0
127,4,6,A,low,established,high,weak,HIGH,0
127,4,6,B,high,established,high,strong,HIGH,0
127,4,7,A,low,new,high,weak,LOW,0
127,4,7,B,high,new,medium,strong,LOW,1
127,4,8,A,high,established,medium,strong,LOW,0
127,4,8,B,high,established,medium,weak,LOW,1
128,1,1,A,low,new,high,strong,LOW,1
128,1,1,B,low,established,low,strong,LOW,0
128,1,2,A,high,established,medium,strong,LOW,1
128,1,2,B,low,new,medium,weak,LOW,0
128,1,3,A,high,established,low,strong,LOW,1
128,1,3,B,low,new,high,weak,LOW,0
128,1,4,A,high,new,medium,strong,LOW,0
128,1,4,B,high,established,medium,strong,LOW,1
128,1,5,A,high,new,low,weak,HIGH,0
128,1,5,B,high,established,medium,strong,HIGH,1
128,1,6,A,low,established,medium,strong,HIGH,1
128,1,6,B,low,established,high,strong,HIGH,0
128,1,7,A,high,established,low,strong,HIGH,1
128,1,7,B,low,established,low,weak,HIGH,0
128,1,8,A,low,established,high,weak,HIGH,1
128,1,8,B,low,new,low,strong,HIGH,0
129,2,1,A,high,new,low,weak,HIGH,0
129,2,1,B,low,new,high,weak,HIGH,1
129,2,2,A,low,established,medium,strong,LOW,1
129,2,2,B,high,new,high,weak,LOW,0
129,2,3,A,low,new,low,strong,HIGH,0
129,2,3,B,low,new,high,strong,HIGH,1
129,2,4,A,high,new,medium,weak,LOW,0
129,2,4,B,low,established,low,strong,LOW,1
129,2,5,A,low,new,low,strong,LOW,1
129,2,5,B,low,new,medium,weak,LOW,0
129,2,6,A,high,established,high,weak,HIGH,1
129,2,6,B,high,new,low,strong,HIGH,0
129,2,7,A,high,established,high,weak,LOW,0
129,2,7,B,low,established,medium,weak,LOW,0
129,2,8,A,high,new,high,weak,HIGH,1
129,2,8,B,low,new,high,strong,HIGH,0
130,3,1,A,low,new,low,weak,LOW,0
130,3,1,B,high,new,high,strong,LOW,1
130,3,2,A,low,established,medium,strong,HIGH,0
130,3,2,B,low,established,high,strong,HIGH,1
130,3,3,A,low,new,low,strong,HIGH,0
130,3,3,B,low,established,low,weak,HIGH,0
130,3,4,A,high,new,high,weak,HIGH,1
130,3,4,B,high,new,medium,strong,HIGH,0
130,3,5,A,high,established,high,strong,HIGH,0
130,3,5,B,high,new,low,strong,HIGH,1
130,3,6,A,high,new,low,strong,LOW,1
130,3,6,B,low,new,high,strong,LOW,0
130,3,7,A,high,new,high,strong,LOW,1
130,3,7,B,low,new,medium,strong,LOW,0
130,3,8,A,low,established,high,weak,LOW,0
130,3,8,B,low,established,low,strong,LOW,1
131,4,1,A,low,new,medium,weak,HIGH,0
131,4,1,B,low,established,medium,weak,HIGH,1
131,4,2,A,low,new,medium,weak,LOW,1
131,4,2,B,high,established,low,strong,LOW,0
131,4,3,A,low,new,medium,strong,HIGH,0
131,4,3,B,low,new,low,weak,HIGH,0
131,4,4,A,low,new,high,weak,HIGH,1
131,4,4,B,low,established,medium,weak,HIGH,0
131,4,5,A,low,new,high,strong,LOW,1
131,4,5,B,high,established,medium,strong,LOW,0
131,4,6,A,low,established,high,weak,HIGH,0
131,4,6,B,high,established,high,strong,HIGH,0
131,4,7,A,low,new,high,weak,LOW,1
131,4,7,B,high,new,medium,strong,LOW,0
131,4,8,A,high,established,medium,strong,LOW,0
131,4,8,B,high,established,medium,weak,LOW,1
132,1,1,A,low,new,high,strong,LOW,0
132,1,1,B,low,established,low,strong,LOW,1
132,1,2,A,high,established,medium,strong,LOW,1
132,1,2,B,low,new,medium,weak,LOW,0
132,1,3,A,high,established,low,strong,LOW,1
132,1,3,B,low,new,high,weak,LOW,0
132,1,4,A,high,new,medium,strong,LOW,0
132,1,4,B,high,established,medium,strong,LOW,1
132,1,5,A,high,new,low,weak,HIGH,0
132,1,5,B,high,established,medium,strong,HIGH,1
132,1,6,A,low,established,medium,strong,HIGH,0
132,1,6,B,low,established,high,strong,HIGH,1
132,1,7,A,high,established,low,strong,HIGH,0
132,1,7,B,low,established,low,weak,HIGH,1
132,1,8,A,low,established,high,weak,HIGH,1
132,1,8,B,low,new,low,strong,HIGH,0
133,2,1,A,high,new,low,weak,HIGH,0
133,2,1,B,low,new,high,weak,HIGH,1
133,2,2,A,low,established,medium,strong,LOW,1
133,2,2,B,high,new,high,weak,LOW,0
133,2,3,A,low,new,low,strong,HIGH,0
133,2,3,B,low,new,high,strong,HIGH,1
133,2,4,A,high,new,medium,weak,LOW,0
133,2,4,B,low,established,low,strong,LOW,1
133,2,5,A,low,new,low,strong,LOW,0
133,2,5,B,low,new,medium,weak,LOW,1
133,2,6,A,high,established,high,weak,HIGH,1
133,2,6,B,high,new,low,strong,HIGH,0
133,2,7,A,high,established,high,weak,LOW,1
133,2,7,B,low,established,medium,weak,LOW,0
133,2,8,A,high,new,high,weak,HIGH,0
133,2,8,B,low,new,high,strong,HIGH,1
134,3,1,A,low,new,low,weak,LOW,0
134,3,1,B,high,new,high,strong,LOW,1
134,3,2,A,low,established,medium,strong,HIGH,0
134,3,2,B,low,established,high,strong,HIGH,1
134,3,3,A,low,new,low,strong,HIGH,0
134,3,3,B,low,established,low,weak,HIGH,0
134,3,4,A,high,new,high,weak,HIGH,0
134,3,4,B,high,new,medium,strong,HIGH,0
134,3,5,A,high,established,high,strong,HIGH,1
134,3,5,B,high,new,low,strong,HIGH,0
134,3,6,A,high,new,low,strong,LOW,0
134,3,6,B,low,new,high,strong,LOW,1
134,3,7,A,high,new,high,strong,LOW,1
134,3,7,B,low,new,medium,strong,LOW,0
134,3,8,A,low,established,high,weak,LOW,0
134,3,8,B,low,established,low,strong,LOW,1
135,4,1,A,low,new,medium,weak,HIGH,0
135,4,1,B,low,established,medium,weak,HIGH,1
135,4,2,A,low,new,medium,weak,LOW,0
135,4,2,B,high,established,low,strong,LOW,0
135,4,3,A,low,new,medium,strong,HIGH,0
135,4,3,B,low,new,low,weak,HIGH,1
135,4,4,A,low,new,high,weak,HIGH,1
135,4,4,B,low,established,medium,weak,HIGH,0
135,4,5,A,low,new,high,strong,LOW,0
135,4,5,B,high,established,medium,strong,LOW,0
135,4,6,A,low,established,high,weak,HIGH,0
135,4,6,B,high,established,high,strong,HIGH,1
135,4,7,A,low,new,high,weak,LOW,1
135,4,7,B,high,new,medium,strong,LOW,0
135,4,8,A,high,established,medium,strong,LOW,1
135,4,8,B,high,established,medium,weak,LOW,0
136,1,1,A,low,new,high,strong,LOW,0
136,1,1,B,low,established,low,strong,LOW,0
136,1,2,A,high,established,medium,strong,LOW,1
136,1,2,B,low,new,medium,weak,LOW,0
136,1,3,A,high,established,low,strong,LOW,0
136,1,3,B,low,new,high,weak,LOW,0
136,1,4,A,high,new,medium,strong,LOW,1
136,1,4,B,high,established,medium,strong,LOW,0
136,1,5,A,high,new,low,weak,HIGH,0
136,1,5,B,high,established,medium,strong,HIGH,1
136,1,6,A,low,established,medium,strong,HIGH,0
136,1,6,B,low,established,high,strong,HIGH,0
136,1,7,A,high,established,low,strong,HIGH,1
136,1,7,B,low,established,low,weak,HIGH,0
136,1,8,A,low,established,high,weak,HIGH,0
136,1,8,B,low,new,low,strong,HIGH,1
137,2,1,A,high,new,low,weak,HIGH,1
137,2,1,B,low,new,high,weak,HIGH,0
137,2,2,A,low,established,medium,strong,LOW,0
137,2,2,B,high,new,high,weak,LOW,1
137,2,3,A,low,new,low,strong,HIGH,0
137,2,3,B,low,new,high,strong,HIGH,1
137,2,4,A,high,new,medium,weak,LOW,0
137,2,4,B,low,established,low,strong,LOW,1
137,2,5,A,low,new,low,strong,LOW,0
137,2,5,B,low,new,medium,weak,LOW,1
137,2,6,A,high,established,high,weak,HIGH,1
137,2,6,B,high,new,low,strong,HIGH,0
137,2,7,A,high,established,high,weak,LOW,1
137,2,7,B,low,established,medium,weak,LOW,0
137,2,8,A,high,new,high,weak,HIGH,0
137,2,8,B,low,new,high,strong,HIGH,0
138,3,1,A,low,new,low,weak,LOW,1
138,3,1,B,high,new,high,strong,LOW,0
138,3,2,A,low,established,medium,strong,HIGH,1
138,3,2,B,low,established,high,strong,HIGH,0
138,3,3,A,low,new,low,strong,HIGH,0
138,3,3,B,low,established,low,weak,HIGH,1
138,3,4,A,high,new,high,weak,HIGH,1
138,3,4,B,high,new,medium,strong,HIGH,0
138,3,5,A,high,established,high,strong,HIGH,1
138,3,5,B,high,new,low,strong,HIGH,0
138,3,6,A,high,new,low,strong,LOW,0
138,3,6,B,low,new,high,strong,LOW,1
138,3,7,A,high,new,high,strong,LOW,0
138,3,7,B,low,new,medium,strong,LOW,0
138,3,8,A,low,established,high,weak,LOW,1
138,3,8,B,low,established,low,strong,LOW,0
139,4,1,A,low,new,medium,weak,HIGH,0
139,4,1,B,low,established,medium,weak,HIGH,0
139,4,2,A,low,new,medium,weak,LOW,0
139,4,2,B,high,established,low,strong,LOW,1
139,4,3,A,low,new,medium,strong,HIGH,0
139,4,3,B,low,new,low,weak,HIGH,1
139,4,4,A,low,new,high,weak,HIGH,1
139,4,4,B,low,established,medium,weak,HIGH,0
139,4,5,A,low,new,high,strong,LOW,1
139,4,5,B,high,established,medium,strong,LOW,0
139,4,6,A,low,established,high,weak,HIGH,1
139,4,6,B,high,established,high,strong,HIGH,0
139,4,7,A,low,new,high,weak,LOW,0
139,4,7,B,high,new,medium,strong,LOW,1
139,4,8,A,high,established,medium,strong,LOW,0
139,4,8,B,high,established,medium,weak,LOW,0
140,1,1,A,low,new,high,strong,LOW,0
140,1,1,B,low,established,low,strong,LOW,0
140,1,2,A,high,established,medium,strong,LOW,1
140,1,2,B,low,new,medium,weak,LOW,0
140,1,3,A,high,established,low,strong,LOW,1
140,1,3,B,low,new,high,weak,LOW,0
140,1,4,A,high,new,medium,strong,LOW,1
140,1,4,B,high,established,medium,strong,LOW,0
140,1,5,A,high,new,low,weak,HIGH,0
140,1,5,B,high,established,medium,strong,HIGH,1
140,1,6,A,low,established,medium,strong,HIGH,0
140,1,6,B,low,established,high,strong,HIGH,0
140,1,7,A,high,established,low,strong,HIGH,1
140,1,7,B,low,established,low,weak,HIGH,0
140,1,8,A,low,established,high,weak,HIGH,1
140,1,8,B,low,new,low,strong,HIGH,0
141,2,1,A,high,new,low,weak,HIGH,0
141,2,1,B,low,new,high,weak,HIGH,1
141,2,2,A,low,established,medium,strong,LOW,0
141,2,2,B,high,new,high,weak,LOW,1
141,2,3,A,low,new,low,strong,HIGH,0
141,2,3,B,low,new,high,strong,HIGH,1
141,2,4,A,high,new,medium,weak,LOW,1
141,2,4,B,low,established,low,strong,LOW,0
141,2,5,A,low,new,low,strong,LOW,0
141,2,5,B,low,new,medium,weak,LOW,1
141,2,6,A,high,established,high,weak,HIGH,0
141,2,6,B,high,new,low,strong,HIGH,1
141,2,7,A,high,established,high,weak,LOW,0
141,2,7,B,low,established,medium,weak,LOW,1
141,2,8,A,high,new,high,weak,HIGH,1
141,2,8,B,low,new,high,strong,HIGH,0
142,3,1,A,low,new,low,weak,LOW,0
142,3,1,B,high,new,high,strong,LOW,1
142,3,2,A,low,established,medium,strong,HIGH,0
142,3,2,B,low,established,high,strong,HIGH,1
142,3,3,A,low,new,low,strong,HIGH,1
142,3,3,B,low,established,low,weak,HIGH,0
142,3,4,A,high,new,high,weak,HIGH,0
142,3,4,B,high,new,medium,strong,HIGH,1
142,3,5,A,high,established,high,strong,HIGH,1
142,3,5,B,high,new,low,strong,HIGH,0
142,3,6,A,high,new,low,strong,LOW,0
142,3,6,B,low,new,high,strong,LOW,1
142,3,7,A,high,new,high,strong,LOW,1
142,3,7,B,low,new,medium,strong,LOW,0
142,3,8,A,low,established,high,weak,LOW,0
142,3,8,B,low,established,low,strong,LOW,1
143,4,1,A,low,new,medium,weak,HIGH,0
143,4,1,B,low,established,medium,weak,HIGH,1
143,4,2,A,low,new,medium,weak,LOW,0
143,4,2,B,high,established,low,strong,LOW,1
143,4,3,A,low,new,medium,strong,HIGH,0
143,4,3,B,low,new,low,weak,HIGH,1
143,4,4,A,low,new,high,weak,HIGH,0
143,4,4,B,low,established,medium,weak,HIGH,1
143,4,5,A,low,new,high,strong,LOW,0
143,4,5,B,high,established,medium,strong,LOW,1
143,4,6,A,low,established,high,weak,HIGH,1
143,4,6,B,high,established,high,strong,HIGH,0
143,4,7,A,low,new,high,weak,LOW,0
143,4,7,B,high,new,medium,strong,LOW,0
143,4,8,A,high,established,medium,strong,LOW,0
143,4,8,B,high,established,medium,weak,LOW,1
144,1,1,A,low,new,high,strong,LOW,1
144,1,1,B,low,established,low,strong,LOW,0
144,1,2,A,high,established,medium,strong,LOW,1
144,1,2,B,low,new,medium,weak,LOW,0
144,1,3,A,high,established,low,strong,LOW,1
144,1,3,B,low,new,high,weak,LOW,0
144,1,4,A,high,new,medium,strong,LOW,1
144,1,4,B,high,established,medium,strong,LOW,0
144,1,5,A,high,new,low,weak,HIGH,1
144,1,5,B,high,established,medium,strong,HIGH,0
144,1,6,A,low,established,medium,strong,HIGH,0
144,1,6,B,low,established,high,strong,HIGH,0
144,1,7,A,high,established,low,strong,HIGH,0
144,1,7,B,low,established,low,weak,HIGH,1
144,1,8,A,low,established,high,weak,HIGH,1
144,1,8,B,low,new,low,strong,HIGH,0
145,2,1,A,high,new,low,weak,HIGH,1
145,2,1,B,low,new,high,weak,HIGH,0
145,2,2,A,low,established,medium,strong,LOW,1
145,2,2,B,high,new,high,weak,LOW,0
145,2,3,A,low,new,low,strong,HIGH,0
145,2,3,B,low,new,high,strong,HIGH,1
145,2,4,A,high,new,medium,weak,LOW,0
145,2,4,B,low,established,low,strong,LOW,0
145,2,5,A,low,new,low,strong,LOW,0
145,2,5,B,low,new,medium,weak,LOW,0
145,2,6,A,high,established,high,weak,HIGH,1
145,2,6,B,high,new,low,strong,HIGH,0
145,2,7,A,high,established,high,weak,LOW,1
145,2,7,B,low,established,medium,weak,LOW,0
145,2,8,A,high,new,high,weak,HIGH,0
145,2,8,B,low,new,high,strong,HIGH,1
146,3,1,A,low,new,low,weak,LOW,0
146,3,1,B,high,new,high,strong,LOW,1
146,3,2,A,low,established,medium,strong,HIGH,0
146,3,2,B,low,established,high,strong,HIGH,0
146,3,3,A,low,new,low,strong,HIGH,0
146,3,3,B,low,established,low,weak,HIGH,1
146,3,4,A,high,new,high,weak,HIGH,1
146,3,4,B,high,new,medium,strong,HIGH,0
146,3,5,A,high,established,high,strong,HIGH,1
146,3,5,B,high,new,low,strong,HIGH,0
146,3,6,A,high,new,low,strong,LOW,0
146,3,6,B,low,new,high,strong,LOW,1
146,3,7,A,high,new,high,strong,LOW,1
146,3,7,B,low,new,medium,strong,LOW,0
146,3,8,A,low,established,high,weak,LOW,0
146,3,8,B,low,established,low,strong,LOW,0
147,4,1,A,low,new,medium,weak,HIGH,0
147,4,1,B,low,established,medium,weak,HIGH,1
147,4,2,A,low,new,medium,weak,LOW,0
147,4,2,B,high,established,low,strong,LOW,0
147,4,3,A,low,new,medium,strong,HIGH,0
147,4,3,B,low,new,low,weak,HIGH,1
147,4,4,A,low,new,high,weak,HIGH,0
147,4,4,B,low,established,medium,weak,HIGH,0
147,4,5,A,low,new,high,strong,LOW,0
147,4,5,B,high,established,medium,strong,LOW,1
147,4,6,A,low,established,high,weak,HIGH,0
147,4,6,B,high,established,high,strong,HIGH,1
147,4,7,A,low,new,high,weak,LOW,0
147,4,7,B,high,new,medium,strong,LOW,1
147,4,8,A,high,established,medium,strong,LOW,1
147,4,8,B,high,established,medium,weak,LOW,0
148,1,1,A,low,new,high,strong,LOW,1
148,1,1,B,low,established,low,strong,LOW,0
148,1,2,A,high,established,medium,strong,LOW,0
148,1,2,B,low,new,medium,weak,LOW,0
148,1,3,A,high,established,low,strong,LOW,1
148,1,3,B,low,new,high,weak,LOW,0
148,1,4,A,high,new,medium,strong,LOW,0
148,1,4,B,high,established,medium,strong,LOW,1
148,1,5,A,high,new,low,weak,HIGH,1
148,1,5,B,high,established,medium,strong,HIGH,0
148,1,6,A,low,established,medium,strong,HIGH,0
148,1,6,B,low,established,high,strong,HIGH,1
148,1,7,A,high,established,low,strong,HIGH,1
148,1,7,B,low,established,low,weak,HIGH,0
148,1,8,A,low,established,high,weak,HIGH,0
148,1,8,B,low,new,low,strong,HIGH,1
149,2,1,A,high,new,low,weak,HIGH,0
149,2,1,B,low,new,high,weak,HIGH,1
149,2,2,A,low,established,medium,strong,LOW,1
149,2,2,B,high,new,high,weak,LOW,0
149,2,3,A,low,new,low,strong,HIGH,0
149,2,3,B,low,new,high,strong,HIGH,0
149,2,4,A,high,new,medium,weak,LOW,0
149,2,4,B,low,established,low,strong,LOW,0
149,2,5,A,low,new,low,strong,LOW,1
149,2,5,B,low,new,medium,weak,LOW,0
149,2,6,A,high,established,high,weak,HIGH,1
149,2,6,B,high,new,low,strong,HIGH,0
149,2,7,A,high,established,high,weak,LOW,0
149,2,7,B,low,established,medium,weak,LOW,0
149,2,8,A,high,new,high,weak,HIGH,1
149,2,8,B,low,new,high,strong,HIGH,0
