dyad_id,side,capital_risk,operational_control,upgrade_protection,contract_rigidity,viability,x_t1,x_t2,outcome_t1,outcome_t2,survival_months,failure_event
D001,A,0.7200332973539855,0.8736151919472217,0.15879246799458324,0.537124242435616,0.6347336379409965,-0.9449606683251638,-0.805208914852804,-1.9488965146830053,-2.707798972056464,13.429795868614777,0
D001,B,0.08385485955301697,0.17840409476812502,0.6066753416265915,0.6431214935236497,0.30450057425051824,-0.9360229976743395,0.2874573492156729,-0.1744590860347092,0.7736055035770737,9.68818018465483,0
D002,A,0.5819271644807072,0.355081238725069,0.8047229241809908,0.593012002287555,0.4630857829240209,-0.45823403568296744,-0.5967949238957124,0.15930992412533213,-1.055460191212635,12.847510635372538,0
D002,B,0.5121433994716902,0.4244916138540823,0.14062602527380832,0.9766005562370866,0.3551633932177775,0.18716516474360628,1.3460480987764383,-0.10682265938111621,-0.43584020971963455,1.6313500689700702,0
D003,A,0.44261928297208647,0.10382000717080946,0.07017486321872259,0.5064193046910133,0.17254202106453118,0.725545307259038,1.2542656038820532,1.6430948944529782,1.5606865001623054,11.075372025704864,1
D003,B,0.2120774509655329,0.47304595450048553,0.5962813176151786,0.028621607771639006,0.5353249612091329,-0.4805777196731378,0.12716336083054558,-1.3570989604593207,-0.7876682326938389,1.6898502801184077,0
D004,A,0.9005234461625309,0.02187917412345456,0.24453388770457665,0.620862940805003,0.2252305185824952,0.5198376102964278,1.018310120924674,2.0845598401941094,1.9696434738849864,28.493042410897775,1
D004,B,0.1974348255829482,0.18671802560210987,0.776098545672976,0.5047684753974238,0.514699031801359,-0.3753459279312955,-1.0506482992958122,-0.38749550188033854,1.0421040299829036,19.46269804722263,1
D005,A,0.02533787641642384,0.4004092778534969,0.6099228382014504,0.9703356601998454,0.10464266498466121,-0.18773301525252656,-0.9529045401393861,-1.6459986310631194,-1.8742427405979754,2.0126817838081794,1
D005,B,0.7115032170013943,0.20915551429611198,0.17298738103026998,0.75864177173636,0.3087767184691038,0.5617645388767646,1.4237110776384267,0.6916320161620608,1.5304856987403674,2.6532122063657058,1
D006,A,0.8461041739654389,0.5557071560935708,0.4799836983621062,0.2175972279148086,0.5485687433154409,0.7325123158491752,-0.2565606116633544,0.2994531620806372,0.36480448047167063,12.067546966396062,1
D006,B,0.9488132047224791,0.49206400216268104,0.8152828822806126,0.4275377849819879,0.532225270922779,1.4079897936926493,2.30959788544639,-0.033478775299167936,-0.47666371782211797,5.9595258534411055,1
D007,A,0.1594695205993235,0.8685635861159988,0.9657936677026476,0.17186783812223863,0.7783458561126056,0.37327168261045995,-0.7946758358496123,0.027506757828440975,-0.7236802705807874,3.3495725065929545,1
D007,B,0.7667880314768988,0.6638274362283801,0.9316009103917452,0.36237113152823675,0.5810041772223754,0.87946880100059,1.575446124804829,-0.4978908229085372,-0.2592548079157934,7.045304705403878,1
D008,A,0.5236108377608448,0.20621963528988638,0.47430109682798066,0.9046678538631484,0.2484999252615864,-0.25966738902797437,-0.8123658223676294,0.329101986980916,0.0007628411334279495,28.410899073085407,1
D008,B,0.8276851575142897,0.5566175071891636,0.19167562619174613,0.27237581122600224,0.45698440538993174,1.1025042382976304,1.148966989226845,1.018268633643849,1.818581165183713,9.586212477044631,0
D009,A,0.25968870161995355,0.03687771731640986,0.6252049026527434,0.6689030435605989,0.31343683198168504,-0.5163817221189422,-0.38948800841507447,1.6288274452995852,2.3045697138567953,8.916620896701351,0
D009,B,0.0724137492355474,0.5173901826219501,0.3702365720488028,0.39510213985818016,0.41410953525868477,-0.5404579296193621,-0.1353258982057785,0.359020895048698,1.18236452015016,16.46713835392704,0
D010,A,0.11272066609973262,0.020694727471041077,0.8869669532666765,0.5027490123527779,0.5784991226068746,0.916761579391586,1.2080655593689065,0.0373176054967018,0.32423289260619736,0.8094498589116015,1
D010,B,0.778125864038923,0.28822669798164385,0.16606871608029405,0.5715713922106963,0.3782909661764286,-0.8485372184118531,-1.0213952863050237,-1.415914393249395,-1.4625594627962926,12.732291892461346,0
D011,A,0.46744673576413914,0.9532579018911423,0.6876498568153242,0.6397475029624525,0.48347471401216946,-0.13248354496609144,0.07114504528905755,1.2305592039138145,0.800919287762941,20.888697205762163,1
D011,B,0.33847884418729096,0.8572296762560956,0.13953914351566798,0.9659051175585435,0.4551903073640818,0.5030698902620517,-0.25844080939506486,0.8639337723336474,0.07911511818997274,1.2642926928150933,1
D012,A,0.8994812062234884,0.22673674946915887,0.3167769416167498,0.592234242420526,0.2602855283637955,0.07134516189291744,-0.8524622427003616,0.18187572161148202,-0.19085266954913804,16.004485440789118,0
D012,B,0.0890640691859518,0.07514404020752195,0.8543471612259365,0.5229803212537975,0.422736224697191,-0.4794071881692322,-0.7533329790832745,-0.1348861581361671,0.5123067118544258,18.76336287230442,1
D013,A,0.9560969852610941,0.35060425024947395,0.26417187345039106,0.636923088536167,0.45654509193332515,2.0503302688076226,2.062544371448759,-1.4785677102700248,-0.8293385093359994,28.881956573478195,1
D013,B,0.5658815555941875,0.9719089893149768,0.16014398741246036,0.6221665458284674,0.5791139646358339,0.4702814575339161,0.22738042124393812,-0.481011718208589,-1.2599402815220144,10.262292882745454,0
D014,A,0.9716523353519805,0.3731785582291924,0.4696159534461486,0.6549150132125432,0.4413159847492969,-1.6281720342908235,-2.707184411269859,-0.1772366858460788,-1.555711878434992,14.460330512291158,1
D014,B,0.9505370135853157,0.08512607308165397,0.1651671656694215,0.04864257489352053,0.25226518519850666,0.6272822418186841,-0.45677510313236924,0.9207225666947413,-0.47865936395384046,1.8838369773693044,0
D015,A,0.19240180188759898,0.9195787718224021,0.843704978340731,0.7690205881230858,0.3629556909870941,-1.2457232074574447,-1.705770044217356,-0.026549743576547564,-0.9179145199555696,2.274876847043356,0
D015,B,0.6569012724773449,0.8704986071912997,0.6420784588447701,0.24418552942019814,0.6045298994525721,1.3990665713811858,2.442016458625891,1.0872274900257082,0.6595940867937388,2.687168699723865,1
D016,A,0.39901957892833595,0.2505534608884979,0.13210529767971382,0.2031850846219957,0.3624341441551508,-0.6104223288722211,-0.6720887990195399,0.3986194754904109,0.2911525429018541,12.735146979685059,1
D016,B,0.6484112738760489,0.05919314758445733,0.71568969993925,0.12405658439197939,0.7637527372718725,1.5864761821009268,1.710954205261101,0.31626921922398604,0.6719203994837157,3.5949832894242677,0
D017,A,0.26073691247454184,0.3497999201668225,0.5042655378162049,0.6704816213673214,0.3590824443471271,-1.1626292583477256,-0.4517425801477212,0.7223226616387336,1.803744130078024,0.5074784574190399,0
D017,B,0.1722461969015332,0.376787446274088,0.264044894751018,0.2623018885189504,0.22585678338013299,-0.3720032523767315,-0.2558367737232929,0.7631202540242491,-0.3610505281993489,0.5084417442704257,1
D018,A,0.9743131007221119,0.9252988021055113,0.22514152641087098,0.034660743618185386,0.7672841754611218,-0.9300131785996905,-0.5586669160474209,1.4692537931733383,1.3814396705938647,19.793271854996135,0
D018,B,0.08098994242499671,0.3968189567968484,0.39635541323457435,0.8970899565918202,0.18310299751331682,-0.7330079646715659,-1.7635194162588834,1.0919708956059488,0.8389232154553837,2.906806003775498,1
D019,A,0.6589437195925502,0.6312082009033234,0.25304547081826123,0.41415737456589313,0.5799800504904586,0.07680392545619495,0.5749687536981926,-0.9473348099384233,-1.4025523076696587,1.4358339812652188,1
D019,B,0.10104044214625234,0.7348965375558665,0.6729661896065505,0.4288266807807432,0.5485882589240396,1.5292785495660375,0.7419336268117119,-0.740988535897151,-1.8113087117932238,22.899535865694602,1
D020,A,0.34141201170522123,0.11410432408361,0.8319776328740894,0.718103446018573,0.4161709796353144,-1.36815521703021,-1.992534512928987,-1.4074123910016412,-1.2526630290095924,6.034700418847227,1
D020,B,0.7128064067577871,0.8295558953220501,0.33243361300461993,0.6909697555815827,0.7686793532931528,-1.6479818349956012,-1.538199967117842,-0.7386988764954505,-0.8884717437601513,14.505123225003796,1
D021,A,0.7629322315290106,0.4982377907272003,0.7332033273762402,0.832747451397364,0.5148725235043549,-0.6484011194608085,-1.4876922204376368,-0.8950179244594274,-1.9729054421431633,2.875376295795015,0
D021,B,0.7419179313963926,0.7768361796936335,0.7016925148212675,0.35404713366468854,0.7366971501139261,0.5902806718787008,2.465651614110787,-0.055038310665911076,0.8157735609190615,0.8694054172749979,1
D022,A,0.6061233132779781,0.39459347458212657,0.5904403093627126,0.5340602016560474,0.49950677418344225,-0.2946397802043916,0.4083276307149542,0.00812561040842448,-1.2710858172073147,0.8198596992575651,1
D022,B,0.7019419363382039,0.33335366706774966,0.7096432676292187,0.8726984512968985,0.39396871858138505,0.02423313597506244,-0.9714458483551583,0.24196285911408258,1.2029218863607658,13.318863411946706,1
D023,A,0.6935657672058873,0.7849893878254867,0.7127183413081264,0.6742542333009962,0.6931009730030491,-0.8795013785806417,-1.2776717819574088,-0.07692183129016884,-0.26795747391848396,0.9284212265277334,1
D023,B,0.24327352649034573,0.47830265996405374,0.8709847224205329,0.953757218196863,0.32774524391923143,-0.04675992458599456,0.21048733683331286,-0.6481641211558037,-0.06505654157622898,7.210146679774875,0
D024,A,0.38313798792209697,0.47916303443115926,0.8418189235638442,0.9260400270979346,0.4660894574920713,0.5824135811627089,1.5412569491170296,-0.6107014434147388,-0.020060335984104782,6.013151783325758,0
D024,B,0.12592860189805608,0.628507444956749,0.46737199502483917,0.9181356839206861,0.13379081097899204,0.3067890263638878,0.6004043503754817,-1.6283627584002835,-1.3274181129787341,11.419461765019715,1
D025,A,0.4858135510415261,0.3288182655504648,0.6656827537102326,0.08668628661483208,0.5875420972885016,-1.0651924685655831,-1.0464929684517255,1.049266952453035,1.3743299502611959,12.21927308614372,1
D025,B,0.20396620937373372,0.46489115396567027,0.2702024410907388,0.5895742424691482,0.23576405606015025,-1.0438224775916718,-1.3765230101118853,0.7796950477440137,0.2412747312847956,7.685108129039848,1
D026,A,0.20094275100036774,0.8827263933648065,0.28810952810153156,0.6891447298281127,0.357044208382084,0.8076292298529589,1.3990951496453459,-1.0002819328052115,-0.5689006529359979,18.30392221208319,1
D026,B,0.30052972009873485,0.05210565362219516,0.7873067987055523,0.3902143016950134,0.661415004964932,-0.6800104495322552,-0.701966857558122,0.09974823810684046,0.6289524067575709,5.330009643308187,0
D027,A,0.5125498364755918,0.18872809309595293,0.8677546191327135,0.9660638928967461,0.15099640706602427,-0.3348097859824249,-0.9268641264299835,0.4635135885878322,0.6593927699641309,2.651167205927907,1
D027,B,0.6705351152094904,0.6096665384459139,0.7673471351619627,0.2699488985179527,0.6684949190413763,0.2204085895540223,0.6140449741850994,-0.9479780268519917,-1.2858812850832715,2.6985626643458382,1
D028,A,0.3563485458596823,0.7442076892945384,0.4812203532803012,0.9049449001160609,0.4440868796164697,-0.940816298615396,-1.0884113064452035,0.7772434425707541,0.1866238717318156,3.299399045238031,0
D028,B,0.7183583292812609,0.07344369618217683,0.7193450771691449,0.17841557576511088,0.6249848478795329,0.7155930181550942,-0.18157555354148303,0.788577396541158,0.6832150238748897,50.48603269746362,1
D029,A,0.2503384229643969,0.19847499110429948,0.4059729343531031,0.43153708775456373,0.34031148268623845,-0.8639647067218446,-0.5380217230348744,-0.8780190667484719,-0.8421959058226215,1.0139827329676483,0
D029,B,0.613540511547306,0.1578030983392469,0.5299238055206374,0.26667226447674197,0.45687317451291226,2.1722423831017,1.254343076332323,0.5239888707429746,0.21658669860848886,0.7148700239928865,1
D030,A,0.9544826880464767,0.7483388001662411,0.9018752024228441,0.8522598733096174,0.6809681322249996,-1.7684322904276795,-2.2630754546443415,0.008190183798521664,-0.5328452333026567,17.50609155313316,1
D030,B,0.2950281232373091,0.536698599021439,0.39292860993525514,0.954519818632682,0.34614995820198585,0.1034005464985951,1.042843010172718,0.2296301770872436,0.47506868571259064,9.759376128834948,1
D031,A,0.8175710058537202,0.9273011795940498,0.11245415777308296,0.48195466853750135,0.811998228353358,0.14601609842438784,-0.5989592898388241,0.34765842315045337,0.18554931106271536,8.69292765519028,1
D031,B,0.22102614087591785,0.13487831376351325,0.14041234728101593,0.4337441145886648,0.12921806913025352,-0.5462897190017791,-1.4905982503507218,-2.641637647701756,-3.3945594076874817,34.674622687290515,1
D032,A,0.07148253274375257,0.9089189779893926,0.8952647307899287,0.2204472740526312,0.6321074894302547,0.8108532839150748,0.14180152426756087,0.09622467221419143,1.0639820603888284,6.167976130822103,1
D032,B,0.9736914453656796,0.26959427534264896,0.6949329613218043,0.26774927197570497,0.6198682960930572,-0.15512951524800814,-1.0577279425386716,1.9164228161719195,1.8925320591029622,6.118798413809119,1
D033,A,0.782618305547162,0.9087444834246303,0.4171539221631633,0.03247417900985027,0.6985726525843275,1.2047613828552526,0.6806673453672728,-0.8311107985204331,-1.9154137501227544,10.240392994643981,1
D033,B,0.8587484210773687,0.6535714582366726,0.4403094059036599,0.40814553628206307,0.578024422702095,0.09036951147175896,0.7974150479444136,1.165512010072338,1.8912643868526084,14.803117561270625,1
D034,A,0.5715100383887435,0.2752694339306836,0.19294196309422892,0.3700979277536697,0.2887168033676007,0.24125413385528455,1.1956315396794945,0.48945551974998663,1.2070857268166544,0.49075362784933774,1
D034,B,0.3507946146178895,0.24923713781345946,0.5201143421158628,0.9602949957061716,0.3312626570105664,-0.8373411961071106,-1.9730620314844853,-0.9371985401676461,-1.5782103030871266,6.41443717740271,1
D035,A,0.8111605584310353,0.9091892215195924,0.16143036468481606,0.5480547265280284,0.6906501793223094,-0.8805972790385701,-1.3901950461107009,1.5502796429360906,1.7881428193649944,0.9491296435017149,1
D035,B,0.8318963118990125,0.04519435170032114,0.09355942999154852,0.7101827897180734,0.16030105736512873,0.6813525474454105,0.2571497262905846,-0.6070417595440747,-0.44806011227070175,19.33326460003425,1
D036,A,0.0751623093787283,0.9000801973969645,0.2882035183779841,0.7576209232746888,0.3029587720691139,0.6631974709322201,1.0113990307011524,0.13419606618221483,0.096564376815958,3.890931920940855,1
D036,B,0.4171988971016218,0.3820865394135603,0.26018724385007413,0.10260499535884073,0.3866579011843393,-0.343911002937257,-0.40950439037407516,-0.8572560632426081,-0.8178297353631372,16.103797776436117,0
D037,A,0.855309354653442,0.22608502660690585,0.6261949859714017,0.05072911036795574,0.5094528336031288,2.031715745398344,1.8113003044477072,1.2065530057424947,1.514186046284252,2.267628156047514,0
D037,B,0.1185277172848735,0.38460411462933825,0.0968658131519575,0.2900244242283922,0.1926325791207192,-0.2583576276457024,0.13904535465958667,-0.44794568605187496,0.11088739451220375,2.1115939357936506,1
D038,A,0.5354901111250991,0.41301195850571054,0.7381009777394271,0.9687937965728396,0.3783192277799389,-0.556873088249802,-0.7654449788313031,0.4043529875063394,0.5781117905063662,30.620254154697914,1
D038,B,0.06945290563908858,0.24828494967362802,0.37705877865161025,0.7984047704794199,0.32940948815743404,-1.4300876412829335,-2.643393475503225,0.16175347885697877,-0.31684664399537665,4.974083715250594,0
D039,A,0.3082056880359447,0.49783445406887245,0.8509825496372179,0.5974351848296933,0.3359991746733809,0.3029333087984603,-0.0978042851613114,0.8731882059425172,1.0839635462120267,0.9140263521740604,0
D039,B,0.31165641267506716,0.18995466120900636,0.8670499370108855,0.22309480162250128,0.7201567889469713,0.18004675737135342,0.8192416936427436,-1.4959741971783365,0.3225242155681174,6.263073836279645,1
D040,A,0.10431515560593052,0.10943233015034494,0.23940128205932523,0.4344508873237875,0.3066780244388508,-0.7881401772980001,0.43757627864046333,-0.020491131466153736,0.5853077933285596,19.08730291756803,1
D040,B,0.8593647419599413,0.42725699958669733,0.9028652372064218,0.7568431857519963,0.41918805390347336,-0.029945367140853885,-0.2553510836800328,0.2583736235419653,0.7137664357757882,13.952568860950748,1
D041,A,0.5431413963676033,0.6958089116500833,0.7949694861254872,0.12150395015626639,0.7659824251976165,-0.631027332971174,-0.8718205570483408,-0.5940032168503937,-0.572696594069365,3.6141172525206735,1
D041,B,0.5816830135939552,0.7902284034190272,0.22694670968699787,0.3680807576380958,0.6085235223112143,-0.4278863409695352,-0.6595279817234744,-0.5096367576375169,-0.7926159648085986,28.12843556736371,0
D042,A,0.3939362324377294,0.6414701155896347,0.7174735462099481,0.09999202091050904,0.6933098739119512,0.7549475144149829,-0.3656141939187447,-0.7840389529957534,-1.5695970851048036,3.0998319487653854,0
D042,B,0.6697756734050173,0.08147801454978179,0.842497430348432,0.38672722413457716,0.5328551070542363,0.06157631474474754,-0.6562858195549389,-1.2062799797376835,-1.6530639061252095,2.611464562447403,1
D043,A,0.08870281817214991,0.45537596006779496,0.33898100771782574,0.9088204096807558,0.23844441590756293,1.8770717839710425,1.3023068429812956,1.3927400248758257,0.6593495531560546,1.7963587858710217,0
D043,B,0.7808639787046039,0.4861438991123333,0.9197577776408573,0.9203446131671582,0.5845430456656473,0.29253678143159323,0.5081297174505968,-1.0546441185215036,-0.4432309006843641,7.380021258814198,1
D044,A,0.16622214361737486,0.26434506934411,0.3626195759727056,0.7343475902863846,0.2186649840563648,0.6846039685997318,1.6865303891415127,0.2690693730319142,0.9484180157272567,27.290046184563316,1
D044,B,0.19663934624642576,0.43100694947153945,0.8167877210328024,0.32861746968503974,0.6260312584806548,-1.2404666614349111,-0.7406634603633635,-0.795216214081204,0.11698024226042769,3.66695728573646,1
D045,A,0.40229453989884884,0.8205254976522017,0.3718661064683036,0.3462609989776148,0.43306738651439974,-0.32258655747654735,-0.2504032120576513,-0.1409391924337577,-0.4960714503644073,0.5504637915261241,1
D045,B,0.7015583983574967,0.5309058690698529,0.7602247192143009,0.948321253563515,0.4792672587952784,0.21072881157773804,0.7829110416190423,-2.05583945042415,-1.0749526138344156,33.24702719324584,0
