firm,arm,x1,x2,x3,y
0,bilateral,-2.9087874404211105,-0.7687163520983775,0.0,0.0
0,bilateral,-3.1347119793130442,-0.9116144179092949,0.0,0.0
0,bilateral,-1.6775422357447023,-0.7432026896334099,1.0,0.0
0,bilateral,-1.6261509258056321,-1.0699171614866752,1.0,0.0
1,bilateral,-2.6417174886854715,-3.68016842587946,0.0,1.0
2,focal,-1.5034203932964063,0.1556303764945024,0.0,0.0
2,partner,-0.7784730069710785,1.3128207297081933,0.0,0.0
3,bilateral,1.0209066206440682,0.11932789003134259,0.0,1.0
3,third_party,-1.9265786863282282,0.21380083661424365,0.0,0.0
3,bilateral,0.4157586444417052,-0.24727338982351954,0.0,0.0
4,third_party,-1.693728527416432,1.6246743508460995,0.0,1.0
5,focal,0.8858836259773567,-0.42553684529393476,0.0,1.0
6,focal,-0.8080085474517835,1.0483258133067295,0.0,1.0
7,bilateral,0.60561456789271,0.5132780092473972,1.0,1.0
7,focal,-0.24898972350389592,0.5043544405219241,0.0,0.0
8,bilateral,-0.4683757953241735,-1.246727349877496,0.0,0.0
8,focal,1.1857921141567773,-0.9784950282772037,0.0,1.0
8,bilateral,0.7901097801475356,-1.34751878870165,1.0,1.0
8,partner,-0.06546300648097833,-1.101515876151185,0.0,1.0
9,focal,-0.09801189423325207,-1.4434664541015771,1.0,1.0
9,bilateral,-0.8145562306485428,-0.9458116713108571,0.0,0.0
10,focal,0.8182859775697897,0.32533870724074787,1.0,0.0
11,third_party,-0.15925325308599714,-0.05607410586463371,0.0,0.0
11,bilateral,-0.19645902675972735,-0.17442068163150498,0.0,0.0
12,bilateral,-1.3902999002274556,2.0946336392300156,1.0,0.0
13,third_party,0.6751400282007041,0.032101513583340235,1.0,0.0
13,bilateral,1.4140150475036197,-1.2432219630295345,0.0,0.0
14,partner,0.7446497998899491,0.2336649217079403,0.0,1.0
14,bilateral,1.6751145920267474,1.0214691583245474,1.0,1.0
14,bilateral,2.078434583611177,0.5675624100206857,0.0,0.0
15,bilateral,-2.7094517821877124,0.33576584672883086,0.0,0.0
15,bilateral,-3.149973629168379,1.3382103843037036,1.0,0.0
16,third_party,-0.10683157066662305,-0.39122357827322024,0.0,1.0
17,third_party,-1.502209812505284,-0.2114249196450617,0.0,0.0
18,partner,-0.6979624344046715,0.8240531515337688,0.0,0.0
18,focal,-0.2193138697277968,2.2313099775656875,0.0,0.0
19,bilateral,-0.39588604141560624,-1.371857309696236,0.0,0.0
19,partner,0.7587017861995267,-0.4746542170412954,0.0,0.0
20,partner,1.456229113482086,-0.9256578059831895,0.0,0.0
20,partner,1.703975812712907,-0.09077019354353427,0.0,1.0
21,bilateral,-0.5174883300548547,-1.392362178062391,1.0,0.0
22,third_party,1.0600277332069237,1.9409683503615405,1.0,0.0
22,partner,0.905534154459416,-0.1374906214416991,0.0,0.0
22,focal,1.4030126432564336,1.4896648745157641,0.0,0.0
22,focal,1.184973610084144,0.7590364631926142,0.0,0.0
23,partner,1.0805789777584105,0.20296078036621457,1.0,0.0
23,third_party,0.9137458522733601,1.046596419807702,0.0,0.0
24,bilateral,-0.8434661358822585,-0.428608768732625,1.0,0.0
24,partner,0.1571334972634982,-1.2383503675376968,0.0,1.0
25,third_party,-1.192008882265838,-0.4627533679687909,0.0,0.0
25,focal,-0.6835409281308042,-1.2520400218722787,0.0,0.0
26,focal,-0.15174391473879892,1.0575884368143025,0.0,1.0
26,bilateral,-1.3983876828242232,1.7719178461895477,1.0,1.0
27,focal,0.6197431153100655,0.15993969617104914,1.0,0.0
27,third_party,0.6613762466081131,1.0523694885261352,0.0,0.0
28,bilateral,-0.6900089858406672,-0.7747568102721002,1.0,1.0
29,focal,1.3056829204423739,-0.5666448091563947,1.0,0.0
29,partner,1.3411824490967919,-0.022580495417870883,0.0,1.0
30,bilateral,-0.616027069717085,-0.989750799391113,0.0,0.0
30,bilateral,-0.12123970049951364,-1.198659453073497,1.0,0.0
30,focal,-0.3192777041497486,-0.04142480564191414,0.0,0.0
31,bilateral,-1.0448736368193485,-0.5185241940455638,1.0,1.0
31,bilateral,-1.9519486743819279,-1.4510225291508014,1.0,1.0
31,focal,-0.9441404753927269,0.4209844047135531,0.0,1.0
32,focal,0.9739112599045698,-0.4705358449321849,1.0,1.0
32,third_party,0.7745640519450944,-0.14275115199071303,0.0,0.0
33,third_party,-0.5346859591609624,-0.14702927014899034,0.0,0.0
33,focal,0.1593953417285186,0.2211239624648838,0.0,0.0
34,bilateral,-1.0556268267575364,-1.566397755834734,1.0,0.0
34,partner,0.4319117046997528,-0.7276691403108609,0.0,1.0
35,bilateral,-0.06527212563183049,-0.5569075651700135,1.0,0.0
35,partner,-0.037034947190860146,-0.5799481817821891,0.0,0.0
36,third_party,1.152903847265478,-0.48369183418707024,1.0,1.0
36,bilateral,0.4270339479476102,-1.7902450963629637,1.0,0.0
36,bilateral,0.7029629917516005,-0.8858437028274637,0.0,0.0
37,third_party,1.0229875791521401,1.3429159100421117,1.0,0.0
37,partner,0.8784942181588726,1.669720157539099,1.0,0.0
37,third_party,0.7217456831105495,0.573351537719356,0.0,0.0
37,focal,-0.4829774242830438,2.668317796551798,0.0,0.0
37,third_party,0.9535677277189412,1.5975095176363292,0.0,0.0
38,partner,0.5050334331135489,-1.4494985305789378,0.0,1.0
39,bilateral,0.8982023042560932,-1.198249902114215,0.0,0.0
39,third_party,0.3551468932644666,-0.19893013321349673,0.0,1.0
39,bilateral,-0.8989427633968432,-0.06480181665755465,0.0,0.0
40,third_party,-0.3338349773800974,-0.04188504446869329,1.0,0.0
40,bilateral,-1.0966945930435485,0.5253990952601256,1.0,0.0
40,bilateral,-2.7663801009865874,0.012096378645687134,1.0,0.0
41,partner,2.279561235650451,0.12804878092868477,0.0,0.0
41,focal,0.9709958053197325,-0.7652912681379428,0.0,1.0
42,bilateral,-1.1103846022012072,-1.0718821811425334,0.0,1.0
43,bilateral,-0.12538277297514927,-0.5617888033541313,0.0,1.0
44,third_party,-0.2161171998334649,3.0798354898809945,1.0,0.0
44,focal,-1.3665227722763587,0.574317037002365,0.0,0.0
44,third_party,-0.9172369129357827,0.9545118327828201,1.0,1.0
45,bilateral,0.3181245152319172,0.493472580871384,1.0,0.0
46,partner,2.6401788376418613,0.8083562827152353,0.0,1.0
46,bilateral,1.4520106127036516,-0.5443430565255514,1.0,1.0
47,third_party,0.38432668740846565,1.6132010117716178,0.0,0.0
47,bilateral,-0.3292180410118615,1.931530045420521,1.0,0.0
48,partner,-0.6828490539928304,-1.2780807745774365,0.0,0.0
49,bilateral,-1.0554802214540027,-0.6284204492700806,0.0,0.0
49,bilateral,-1.0762195315161889,-0.2912289413389591,1.0,1.0
49,bilateral,-1.27606430296117,-1.4286010878898057,0.0,0.0
50,bilateral,2.1755053712130543,-0.05223937055046868,0.0,1.0
50,bilateral,0.9384866017950801,0.6704715199456432,0.0,1.0
50,partner,1.439890646789881,1.0633568268402647,0.0,0.0
51,bilateral,-0.43022114947158896,-0.9854073740001115,0.0,0.0
51,bilateral,-0.5331891070584149,-2.097153470220172,1.0,0.0
51,bilateral,-0.19242919840526385,-1.1800257880645946,1.0,1.0
52,partner,-0.22625694460542117,0.8511744308496652,0.0,1.0
52,focal,-0.7207530182587459,0.6813739408892672,0.0,0.0
52,bilateral,-0.25063664715728395,0.2371445794258576,1.0,0.0
53,bilateral,-0.9071280645725599,-0.40670496712566107,0.0,0.0
54,bilateral,-0.8508821540347411,0.14307787298809654,1.0,1.0
54,focal,0.7032096246734713,-0.7040238735254101,0.0,1.0
55,third_party,-0.07877217457764961,-0.6118815045157786,1.0,0.0
55,bilateral,0.1757127968889622,-0.35493798739721805,0.0,0.0
55,focal,-1.2285529962919362,1.2204340814579413,1.0,0.0
56,third_party,-0.339549520840977,0.657646891735236,1.0,1.0
56,third_party,-0.5038696831452453,1.314993802127444,1.0,0.0
57,focal,1.265927293012336,0.25643686545427297,0.0,1.0
58,bilateral,-1.5226999581151701,-1.0294140859323146,1.0,1.0
58,bilateral,-0.17860089108738403,-2.1071714538945683,0.0,0.0
58,bilateral,0.6839235481248854,-1.796317781684896,0.0,1.0
59,bilateral,0.6546554913198185,-0.20623322979822212,0.0,0.0
59,bilateral,-0.03270554075086263,-1.4096743691574753,0.0,0.0
60,focal,-1.419447266311332,0.5038199897393805,1.0,0.0
61,bilateral,1.2359951163032705,-0.20931232566758864,1.0,1.0
62,bilateral,-3.642303610010151,-0.14299212227089908,0.0,1.0
63,third_party,-0.7659139009806704,1.4841610587913432,0.0,0.0
64,partner,2.637970635454538,-0.1254626762144493,0.0,0.0
64,bilateral,2.735220570091454,-1.0019928712684796,1.0,0.0
64,bilateral,3.4482416773345523,0.021181218766240684,0.0,0.0
65,partner,0.015220847335419396,-1.1597817102885906,0.0,0.0
66,bilateral,0.1626997035541004,-0.10011661539891985,1.0,0.0
66,partner,0.155288923512526,0.7448899018142758,1.0,0.0
66,focal,0.49476746282794726,0.04488776130056188,0.0,0.0
66,focal,-0.433623177087911,0.3922486866316014,0.0,1.0
67,partner,-1.1796507979877013,-0.6544243500551775,0.0,0.0
67,focal,-0.5171518573724959,0.7238862775893675,1.0,0.0
67,bilateral,0.2186924908990917,1.5837091178515827,0.0,0.0
68,bilateral,-1.262400635323081,1.653143774904425,0.0,0.0
68,bilateral,-1.1847940038417666,1.289596275687803,0.0,0.0
69,partner,1.2015867414395305,1.192542997181841,0.0,1.0
69,partner,2.002893191593795,2.335750832614623,0.0,1.0
70,bilateral,-0.49526978312093334,-0.13450647505551516,0.0,1.0
70,bilateral,0.5545008549212733,0.43674891275025385,1.0,1.0
71,bilateral,-0.8087295574194822,-0.06666674634573222,0.0,0.0
71,partner,-0.2622949122352534,0.13198871406675755,0.0,1.0
72,bilateral,-0.4778612668219343,-1.6058448070300206,1.0,1.0
72,bilateral,0.21140834972528788,-1.0845902967250858,1.0,1.0
73,partner,-0.7121814320103265,0.5997697539302601,1.0,0.0
73,bilateral,-2.5004747465778836,0.8786445838369414,0.0,1.0
73,third_party,-2.0844460339629785,0.7018507126143186,1.0,0.0
73,focal,-1.2080669607515977,-0.004800783622838867,0.0,0.0
74,third_party,-0.6523209560395904,0.20164534161121048,1.0,0.0
74,partner,-1.25693484687287,0.8304309165709081,0.0,0.0
75,partner,1.7286463688705553,-2.410045299095246,0.0,0.0
75,bilateral,1.3474894473616736,-1.9018967191584584,1.0,1.0
76,bilateral,-0.4389058260133709,0.6406808885850745,0.0,0.0
77,bilateral,0.059282785153306206,-1.125980025124118,1.0,0.0
78,third_party,1.7494361492149733,0.33824177508534786,1.0,0.0
78,focal,0.8612072351988644,-0.5316959344377686,0.0,0.0
78,partner,1.7966839271739152,1.0046362894132792,0.0,1.0
79,bilateral,-1.8515477444876953,0.6882111913252583,1.0,1.0
79,third_party,-1.8112769522065204,0.4848149229813893,0.0,0.0
80,bilateral,0.9487353079130099,0.3104049820148635,1.0,0.0
80,bilateral,0.3138385584366814,0.9819708465744983,1.0,1.0
80,partner,1.2782868062528037,0.548529866406169,0.0,1.0
81,third_party,-1.7169998181162636,1.4191864311109081,0.0,0.0
81,third_party,-2.54514109151077,2.43114224651889,1.0,0.0
81,third_party,-1.848055318345031,0.4242866005335011,0.0,0.0
82,third_party,0.3521326493627308,2.082049205922779,0.0,1.0
82,bilateral,1.2391100115178204,1.3090597910874844,0.0,0.0
83,third_party,-0.826487969299827,0.6902722130905736,0.0,1.0
84,focal,-1.433878251582335,2.667992928361498,0.0,0.0
84,third_party,-0.27859125098788473,2.066059173963558,1.0,1.0
85,bilateral,1.3915611470626104,1.7815314558079138,1.0,0.0
85,third_party,1.2238518395524065,2.102710158602724,1.0,1.0
85,focal,-0.13119811724472305,1.6125677639597815,0.0,1.0
86,bilateral,-0.4940941564395226,0.5054679859227192,0.0,0.0
86,bilateral,0.42612861221058274,-0.2013314306582873,0.0,0.0
86,focal,-0.7343968157585214,-1.3298775382584505,1.0,1.0
86,focal,-1.330736847383436,0.7938577009744401,0.0,0.0
87,bilateral,-1.5895395683646711,0.1065446665622331,0.0,0.0
87,bilateral,-1.355290740197588,-0.27914227953673554,1.0,0.0
88,partner,0.403350175927254,-1.2038564220272703,0.0,1.0
89,third_party,-0.08013425411479425,1.0626448543967788,0.0,0.0
90,bilateral,-2.0496615851721267,-0.8215719792592657,0.0,1.0
91,partner,0.0067348222152169845,-0.5440931836934649,0.0,0.0
92,bilateral,-1.0670075273613828,-0.9592728094517267,1.0,1.0
93,bilateral,-0.4035306671745971,-0.19452170662297696,0.0,0.0
93,bilateral,-0.15579662347833045,-1.9978687715941885,0.0,0.0
94,third_party,-0.85612795727678,0.7861045123224474,0.0,1.0
94,bilateral,-1.5239585317425088,-0.49565348045121843,1.0,1.0
95,bilateral,1.2319752158909896,-2.2998921549241804,0.0,1.0
95,bilateral,0.25983202106997827,-0.6473284198177419,1.0,0.0
96,bilateral,-0.24969166651064784,-0.717779261158632,1.0,1.0
97,bilateral,-1.694236348586199,-0.05672640235482729,1.0,0.0
97,third_party,-0.18490838568134804,0.6023245113751156,0.0,1.0
97,focal,-0.9961036967815836,1.5051743543355447,0.0,1.0
97,third_party,-1.4946606784758993,1.68788958754986,0.0,0.0
98,focal,-0.7648299477362688,1.1993326057201439,1.0,0.0
98,focal,-0.6733796255969586,1.7827262144329719,1.0,0.0
99,third_party,-0.2894755102188867,0.8863612363019333,0.0,0.0
99,bilateral,-1.8967846888760582,-0.06473655197561629,1.0,0.0
100,bilateral,-0.9533270956949964,-0.5054965565098528,1.0,1.0
100,bilateral,-0.4919580826474511,-0.776336349455256,1.0,1.0
100,focal,1.5453310763802612,-1.1292388964575286,1.0,1.0
100,bilateral,0.4416922182151931,-1.0985253638916106,1.0,1.0
101,bilateral,0.5096588671860923,-0.10805843576775961,1.0,1.0
102,focal,1.1016102884012344,-0.026394066345953066,0.0,0.0
103,partner,0.3543890634397968,-0.49791221051594314,0.0,0.0
104,third_party,-0.11166557922663253,0.6603013780010852,1.0,0.0
104,third_party,-0.2045341713521516,1.7377990207194336,0.0,0.0
104,third_party,0.9003156497714675,1.1081419485050856,0.0,0.0
105,bilateral,-0.5603461586421186,0.5802362033444922,1.0,0.0
105,partner,-0.43633579860938876,0.8019457090888887,0.0,1.0
105,bilateral,-1.2620246868315848,0.37285972848037857,0.0,0.0
106,focal,-0.37493653759011947,2.2411134797110184,1.0,0.0
106,partner,-0.5251651691144767,0.07378023810858914,0.0,0.0
106,focal,-1.325715278019114,1.2173797755009201,1.0,0.0
107,partner,-0.6024800879375796,-2.0290603022053695,1.0,1.0
107,bilateral,-2.5005655852107704,-0.5073112367237109,0.0,1.0
108,focal,0.3871800211733085,2.2959930436375435,0.0,0.0
108,partner,-0.19509284533246335,-0.262262868741872,0.0,1.0
109,bilateral,-1.22071295413212,-1.7662419551467434,1.0,0.0
109,bilateral,-1.046725359919607,-0.6230165478323879,0.0,1.0
109,third_party,-1.7633511858876683,-0.5351285384692939,0.0,1.0
110,bilateral,-1.9266121511842402,-0.6139016950305096,1.0,0.0
110,bilateral,-0.48576269550131684,-1.1791023760633434,0.0,1.0
111,third_party,-0.13954066837369172,-0.488782867850052,1.0,0.0
111,bilateral,0.14829202342754716,-0.3502524399940595,1.0,0.0
111,bilateral,-0.04372900253135137,-0.8618773337206125,0.0,0.0
111,partner,0.14032590965595312,-0.08825606719134593,0.0,0.0
112,bilateral,-2.3381794065463612,-0.998342675694021,0.0,0.0
113,third_party,0.09634835809337783,0.8764355614797168,0.0,0.0
113,bilateral,-0.5781723593401524,-0.29105673081928596,0.0,0.0
114,bilateral,-0.19340568783883838,-0.541064048636717,1.0,0.0
114,bilateral,0.41450410898491175,-1.3722176116391296,1.0,1.0
114,bilateral,-0.9555699860881177,-1.8342896039741066,1.0,1.0
115,third_party,-3.0971546682793254,2.122934296632699,0.0,0.0
116,focal,-0.9459798273967059,-0.39400008054360747,0.0,1.0
116,bilateral,-1.1650921687586937,-0.3950041603403467,1.0,1.0
117,focal,-0.3823617591822985,-0.9371442921599018,0.0,0.0
118,focal,0.10544006402055672,1.8895216108440194,0.0,1.0
118,third_party,-1.3518446075418946,2.2559935043862835,0.0,0.0
119,focal,-0.7991937456180607,-0.8413439158063073,1.0,0.0
119,bilateral,-2.0961762482572617,-1.656671609350485,0.0,0.0
119,bilateral,-0.8307709069971393,-0.823963460184825,0.0,0.0
